{"stats":{"minecraft:dropped":{"minecraft:porkchop":3,"regions_unexplored:peat_podzol":11,"minecraft:oak_log":22,"minecraft:glass_bottle":1,"minecraft:diamond":6,"immersive_aircraft:boiler":1,"minecraft:dark_oak_slab":3,"minecraft:lantern":1,"minecraft:archer_pottery_sherd":4,"minecraft:cod":4,"minecraft:flint":2,"minecraft:dirt":1006,"minecraft:mutton":24,"magistuarmory:rusted_bastardsword":2,"minecraft:bone_block":3,"minecraft:purple_wool":1,"minecraft:fishing_rod":2,"minecraft:wheat":2,"minecraft:blue_wool":2,"minecraft:rotten_flesh":12,"minecraft:oak_planks":88,"croptopia:greenbean_seed":1,"beautify:hanging_pot":1,"minecraft:carrot":35,"patchouli:guide_book":2,"perfectbirbs:crow_plushie":1,"regions_unexplored:peat_dirt":77,"minecraft:skeleton_skull":3,"minecraft:beetroot_seeds":2,"minecraft:leather_boots":2,"minecraft:beef":30,"minecraft:scaffolding":1,"minecraft:polished_granite":1,"minecraft:egg":2,"minecraft:iron_ingot":29,"minecraft:bread":7,"magistuarmory:rustedkettlehat":1,"minecraft:wheat_seeds":22,"minecraft:diamond_leggings":1,"minecraft:feather":6,"minecraft:cobblestone":130,"minecraft:apple":9,"regions_unexplored:pine_sapling":1,"croptopia:greenbean":1,"minecraft:torch":32,"minecraft:light_blue_wool":1,"minecraft:zombie_head":3,"minecraft:string":4,"archers:archer_armor_feet":1,"minecraft:bucket":1,"minecraft:spruce_sapling":4,"minecraft:furnace":1,"jewelry:emerald_necklace":1,"minecraft:redstone_ore":1,"regions_unexplored:pine_log":6,"regions_unexplored:pine_planks":79,"minecraft:player_head":8,"minecraft:stone_sword":1,"croptopia:cucumber_seed":1,"minecraft:stone_shovel":1,"minecraft:light_gray_wool":1,"minecraft:iron_hoe":1,"extensivediamonds:red_diamond":3,"perfectbirbs:peacock_plushie":1,"minecraft:potato":169,"minecraft:bundle":1,"minecraft:spruce_planks":4,"minecraft:diamond_pickaxe":1,"minecraft:stone_pickaxe":1,"minecraft:wooden_pickaxe":1},"minecraft:custom":{"lootr:looted_stat":68,"minecraft:interact_with_crafting_table":35,"minecraft:open_barrel":7,"minecraft:bell_ring":2,"minecraft:leave_game":5,"minecraft:time_since_death":31808,"minecraft:damage_resisted":1166,"minecraft:sprint_one_cm":682308,"minecraft:damage_blocked_by_shield":7555,"minecraft:drop":147,"minecraft:talked_to_villager":13,"minecraft:play_time":362486,"minecraft:deaths":29,"minecraft:jump":7330,"minecraft:walk_on_water_one_cm":49167,"minecraft:interact_with_furnace":14,"minecraft:sleep_in_bed":36,"minecraft:damage_dealt":22445,"minecraft:player_kills":1,"minecraft:crouch_one_cm":72856,"minecraft:interact_with_smoker":2,"minecraft:interact_with_smithing_table":1,"minecraft:mob_kills":106,"minecraft:damage_dealt_resisted":18435,"minecraft:climb_one_cm":3681,"minecraft:walk_one_cm":507526,"minecraft:damage_dealt_absorbed":8358,"minecraft:sneak_time":20617,"minecraft:walk_under_water_one_cm":17788,"minecraft:boat_one_cm":411341,"minecraft:interact_with_blast_furnace":3,"minecraft:total_world_time":364494,"minecraft:hex":0,"minecraft:time_since_rest":2087,"minecraft:damage_taken":14175,"minecraft:damage_absorbed":2469,"minecraft:swim_one_cm":101763,"minecraft:fly_one_cm":1491129,"minecraft:open_chest":9,"minecraft:fish_caught":2,"minecraft:fall_one_cm":266767},"minecraft:crafted":{"immersive_aircraft:engine":2,"minecraft:smooth_stone":3,"minecraft:oak_planks":252,"minecraft:stone":3,"minecraft:diamond_shovel":2,"minecraft:glass":13,"minecraft:diamond_helmet":4,"minecraft:diamond_leggings":2,"immersive_aircraft:hull":6,"minecraft:chest":4,"minecraft:diamond_axe":2,"minecraft:crafting_table":13,"minecraft:spruce_planks":40,"minecraft:wooden_pickaxe":2,"regions_unexplored:pine_boat":4,"minecraft:copper_ingot":28,"chipped:carpenters_table":1,"immersive_aircraft:propeller":2,"extensivediamonds:red_diamond_sword":2,"minecraft:diamond_pickaxe":2,"minecraft:shield":5,"minecraft:stick":16,"minecraft:shears":2,"minecraft:stone_shovel":4,"minecraft:fishing_rod":1,"minecraft:furnace":8,"immersive_aircraft:biplane":1,"minecraft:blast_furnace":2,"minecraft:piston":2,"minecraft:stone_pickaxe":2,"minecraft:diamond_boots":2,"minecraft:spruce_boat":2,"minecraft:diamond_sword":1,"immersive_aircraft:boiler":2,"travelersbackpack:black_sleeping_bag":1,"minecraft:air":0,"regions_unexplored:pine_planks":92,"minecraft:wooden_axe":1,"minecraft:torch":44,"minecraft:diamond_chestplate":3},"minecraft:killed_by":{"minecraft:creeper":7,"minecraft:vindicator":1,"minecraft:zombie":7,"minecraft:player":2,"minecraft:spider":3,"minecraft:skeleton":8},"minecraft:used":{"darkbread:gold_bread":9,"minecraft:bone_block":11,"minecraft:chest":2,"minecraft:shield":49,"minecraft:creeper_head":1,"minecraft:player_head":10,"minecraft:carrot":135,"minecraft:snowball":6,"minecraft:spruce_boat":2,"paladins:iron_claymore":6,"minecraft:dark_oak_slab":16,"minecraft:furnace":4,"magistuarmory:rusted_bastardsword":1,"chipped:pegged_oak_planks":182,"minecraft:skeleton_skull":9,"immersive_aircraft:biplane":1,"extensivediamonds:red_diamond_sword":416,"minecraft:stone_pickaxe":33,"minecraft:oak_planks":198,"minecraft:wooden_pickaxe":7,"minecraft:sandstone":4,"minecraft:diamond_axe":477,"minecraft:sand":97,"croptopia:orange":4,"minecraft:firework_rocket":5,"regions_unexplored:pine_boat":5,"minecraft:bread":28,"minecraft:polished_granite":1,"minecraft:diamond_sword":191,"chipped:carpenters_table":1,"minecraft:coarse_dirt":1,"minecraft:stone_sword":4,"minecraft:flint_and_steel":20,"minecraft:stone_shovel":106,"minecraft:spruce_planks":37,"minecraft:torch":50,"minecraft:dirt":686,"minecraft:spruce_stairs":1,"minecraft:diamond_helmet":1,"darkbread:diamond_bread":1,"minecraft:diamond_chestplate":1,"minecraft:cooked_beef":1,"minecraft:water_bucket":8,"minecraft:bundle":1,"regions_unexplored:peat_dirt":194,"minecraft:leather_boots":3,"regions_unexplored:peat_coarse_dirt":1,"minecraft:mossy_cobblestone":1,"regions_unexplored:peat_podzol":9,"archers:composite_longbow":50,"minecraft:tnt":20,"minecraft:crafting_table":12,"minecraft:red_bed":8,"minecraft:oak_log":20,"minecraft:diamond_pickaxe":103,"minecraft:diamond_shovel":1098,"minecraft:spruce_sapling":1,"simplyswords:iron_sai":36,"minecraft:fishing_rod":2,"minecraft:cobblestone":112,"minecraft:bucket":8,"regions_unexplored:maple_log":3},"minecraft:broken":{"minecraft:golden_boots":1,"minecraft:diamond_helmet":1,"rogues:rogue_armor_feet":1,"minecraft:diamond_shovel":1,"minecraft:stone_shovel":1,"minecraft:diamond_chestplate":1,"magistuarmory:rustedchainmail_boots":1,"minecraft:shield":2,"minecraft:iron_helmet":1},"minecraft:mined":{"minecraft:dark_oak_planks":6,"croptopia:cantaloupe_crop":1,"minecraft:spruce_planks":23,"minecraft:black_terracotta":1,"regions_unexplored:maple_log":30,"minecraft:carved_pumpkin":2,"regions_unexplored:cattail":1,"minecraft:grass_block":9,"minecraft:oak_pressure_plate":1,"minecraft:spawner":6,"minecraft:fire":9,"regions_unexplored:mossy_stone":1,"minecraft:deepslate_lapis_ore":2,"minecraft:dark_oak_stairs":1,"regions_unexplored:pine_leaves":9,"minecraft:dirt_path":5,"minecraft:iron_bars":1,"minecraft:player_head":2,"regions_unexplored:peat_coarse_dirt":1,"minecraft:deepslate_redstone_ore":5,"minecraft:red_bed":9,"minecraft:powder_snow":27,"minecraft:torch":2,"minecraft:melon":11,"minecraft:white_stained_glass_pane":1,"minecraft:cobblestone":2,"minecraft:sugar_cane":1,"minecraft:oak_planks":153,"minecraft:wall_torch":1,"extensivediamonds:deepslate_red_diamond_ore":3,"regions_unexplored:pine_log":78,"farmersdelight:sandy_shrub":1,"minecraft:dark_oak_slab":12,"minecraft:blue_ice":2,"minecraft:grass":8,"minecraft:oak_log":92,"regions_unexplored:peat_dirt":12,"minecraft:sand":73,"minecraft:dirt":1212,"minecraft:oak_leaves":5,"minecraft:deepslate":15,"regions_unexplored:spruce_shrub":1,"minecraft:light_gray_stained_glass_pane":4,"croptopia:orange_crop":4,"minecraft:decorated_pot":1,"regions_unexplored:maple_leaves":7,"minecraft:spruce_leaves":16,"minecraft:furnace":1,"minecraft:carrots":7,"minecraft:snow":4,"minecraft:stripped_spruce_log":1,"regions_unexplored:frozen_grass":11,"minecraft:bookshelf":14,"regions_unexplored:red_maple_leaves":10,"regions_unexplored:medium_grass":4,"minecraft:stone":69,"minecraft:bone_block":2,"minecraft:scaffolding":1,"regions_unexplored:silver_birch_leaf_pile":3,"minecraft:snow_block":11,"minecraft:polished_granite":2,"croptopia:sweetpotato_crop":1,"minecraft:oak_fence":1,"minecraft:tall_grass":2,"minecraft:deepslate_gold_ore":7,"chipped:pegged_oak_planks":3,"minecraft:spruce_stairs":1,"minecraft:coarse_dirt":1,"minecraft:ice":16,"minecraft:spruce_log":24,"regions_unexplored:sandy_grass":1,"minecraft:coal_ore":11,"minecraft:flower_pot":1,"minecraft:gravel":3,"minecraft:stone_bricks":1,"minecraft:mossy_stone_bricks":3,"minecraft:orange_wall_banner":1,"mythicmetals:banglum_ore":1,"regions_unexplored:peat_podzol":2,"minecraft:fern":2},"minecraft:killed":{"minecraft:spider":11,"minecraft:skeleton":33,"minecraft:silverfish":10,"minecraft:parrot":3,"minecraft:pig":3,"minecraft:creeper":3,"minecraft:sheep":15,"minecraft:zombie":15,"minecraft:cow":5,"minecraft:drowned":1,"minecraft:player":1},"minecraft:picked_up":{"minecraft:creeper_head":1,"minecraft:string":22,"minecraft:zombie_head":6,"minecraft:diamond_leggings":1,"regions_unexplored:pine_log":101,"minecraft:bucket":3,"minecraft:spruce_planks":22,"minecraft:melon_slice":47,"minecraft:furnace":3,"minecraft:blue_wool":2,"minecraft:stick":60,"minecraft:oak_fence":1,"minecraft:torch":40,"minecraft:spruce_stairs":1,"minecraft:porkchop":2,"minecraft:stone_sword":3,"minecraft:rotten_flesh":12,"minecraft:light_blue_wool":1,"minecraft:carved_pumpkin":2,"regions_unexplored:peat_coarse_dirt":1,"minecraft:cod":9,"minecraft:snowball":12,"minecraft:cobblestone":303,"minecraft:cooked_beef":1,"minecraft:feather":6,"magistuarmory:rustedchainmail_boots":1,"minecraft:potato":239,"minecraft:flint":2,"minecraft:lapis_lazuli":51,"minecraft:dirt":1704,"minecraft:lantern":1,"minecraft:polished_granite":2,"minecraft:leather_boots":4,"minecraft:bone":63,"minecraft:bow":2,"minecraft:wheat_seeds":22,"extensivediamonds:red_diamond":5,"minecraft:raw_gold":7,"regions_unexplored:pine_boat":3,"minecraft:oak_planks":276,"patchouli:guide_book":9,"regions_unexplored:pine_sapling":1,"regions_unexplored:pine_planks":78,"minecraft:sand":112,"minecraft:mossy_cobblestone":1,"minecraft:bundle":3,"minecraft:iron_hoe":1,"minecraft:diamond":39,"minecraft:spruce_boat":1,"minecraft:bread":7,"minecraft:diamond_pickaxe":1,"minecraft:fishing_rod":1,"minecraft:coarse_dirt":1,"minecraft:purple_wool":1,"simplyswords:iron_sai":1,"minecraft:wooden_pickaxe":1,"minecraft:orange_banner":1,"regions_unexplored:red_maple_leaf_pile":15,"minecraft:shield":3,"minecraft:red_bed":8,"minecraft:beef":29,"regions_unexplored:peat_podzol":20,"minecraft:player_head":22,"minecraft:light_gray_wool":1,"minecraft:egg":2,"minecraft:sandstone":4,"croptopia:greenbean_seed":1,"magistuarmory:rustedkettlehat":1,"minecraft:carrot":196,"minecraft:redstone":22,"minecraft:arrow":70,"minecraft:stone_shovel":1,"minecraft:beetroot_seeds":2,"perfectbirbs:peacock_plushie":1,"minecraft:mutton":48,"minecraft:white_wool":1,"minecraft:skeleton_skull":13,"minecraft:bone_block":14,"regions_unexplored:peat_dirt":250,"minecraft:leather":4,"minecraft:oak_log":145,"chipped:pegged_oak_planks":3,"amethyst_imbuement:glistering_tome":6,"minecraft:apple":10,"minecraft:iron_ingot":96,"minecraft:stone_pickaxe":1,"minecraft:glass_bottle":1,"minecraft:book":42,"minecraft:scaffolding":1,"minecraft:dark_oak_slab":21,"immersive_aircraft:boiler":1,"croptopia:cucumber_seed":1,"minecraft:spruce_sapling":5,"minecraft:spruce_log":22,"minecraft:archer_pottery_sherd":4,"minecraft:firework_rocket":5,"minecraft:diamond_shovel":1,"magistuarmory:rusted_bastardsword":2,"magistuarmory:rustedcrusader_boots":1,"croptopia:orange":4,"minecraft:redstone_ore":1,"minecraft:diamond_axe":1,"croptopia:greenbean":1,"regions_unexplored:maple_log":30,"minecraft:black_wool":2,"minecraft:coal":29}},"DataVersion":3465}