{"stats":{"minecraft:dropped":{"mythicmetals:adamantite_ingot":1,"minecraft:iron_sword":1,"extensivediamonds:dark_diamond":1,"minecraft:porkchop":3,"minecraft:diamond_axe":2,"minecraft:lapis_lazuli":2,"regions_unexplored:peat_podzol":11,"minecraft:oak_log":42,"minecraft:glass_bottle":1,"minecraft:diamond":6,"immersive_aircraft:boiler":1,"minecraft:dark_oak_slab":3,"minecraft:lantern":1,"minecraft:archer_pottery_sherd":4,"travelersbackpack:standard":3,"crystals_overhauled:citrine_armor_boots":2,"crystals_overhauled:citrine_armor_chestplate":1,"minecraft:cod":4,"minecraft:emerald":10,"minecraft:flint":2,"minecraft:dirt":1006,"archers:composite_longbow":1,"minecraft:mutton":24,"mythicmetals:quadrillum_ingot":6,"magistuarmory:rusted_bastardsword":2,"jewelry:tanzanite_ring":1,"minecraft:bone_block":3,"regions_unexplored:maple_log":10,"minecraft:purple_wool":1,"magistuarmory:corruptedroundshield":1,"minecraft:fishing_rod":2,"minecraft:bone":26,"minecraft:gold_ingot":39,"magistuarmory:rustedchainmail_leggings":1,"minecraft:gravel":1,"travelersbackpack:ocelot":1,"minecraft:iron_nugget":6,"minecraft:cobbled_deepslate":281,"minecraft:wheat":2,"minecraft:blue_wool":2,"minecraft:rotten_flesh":129,"minecraft:oak_planks":88,"croptopia:greenbean_seed":1,"more_jewels:opal":1,"regions_unexplored:oak_shrub":2,"beautify:hanging_pot":1,"patchouli:guide_book":2,"minecraft:carrot":54,"mythicmetals:kyber_pickaxe":1,"bosses_of_mass_destruction:soul_star":1,"perfectbirbs:crow_plushie":1,"regions_unexplored:peat_dirt":77,"minecraft:gunpowder":2,"minecraft:skeleton_skull":18,"minecraft:beetroot_seeds":2,"minecraft:leather_boots":2,"simplyswords:diamond_greathammer":2,"minecraft:beef":30,"croptopia:tea_seed":4,"minecraft:scaffolding":1,"minecraft:polished_granite":1,"minecraft:egg":2,"minecraft:iron_ingot":33,"minecraft:bread":7,"magistuarmory:rustedkettlehat":1,"mythicupgrades:topaz_crystal_block":3,"minecraft:black_dye":27,"minecraft:wheat_seeds":22,"clutter:copper_coin":8,"minecraft:diamond_leggings":3,"minecraft:cobblestone":182,"minecraft:feather":15,"croptopia:raspberry":1,"minecraft:apple":9,"crystals_overhauled:rhodochrosite":3,"minecraft:granite":7,"minecraft:copper_ingot":19,"regions_unexplored:pine_sapling":1,"magistuarmory:rustedgreathelm":1,"minecraft:stick":36,"magistuarmory:rustedcrusader_boots":2,"croptopia:greenbean":1,"minecraft:diorite":15,"extensivediamonds:red_diamond_sword":1,"minecraft:torch":32,"minecraft:light_blue_wool":1,"extensivediamonds:green_diamond":10,"minecraft:zombie_head":16,"crystals_overhauled:citrine":29,"mythicmetals:kyber_boots":2,"minecraft:mud":1,"minecraft:chainmail_leggings":1,"minecraft:string":20,"archers:archer_armor_feet":1,"minecraft:bucket":1,"minecraft:spruce_sapling":4,"minecraft:smooth_basalt":1,"mythicmetals:aquarium_ingot":5,"minecraft:furnace":1,"minecraft:creeper_head":1,"jewelry:emerald_necklace":2,"minecraft:redstone_ore":1,"regions_unexplored:pine_log":6,"regions_unexplored:pine_planks":79,"minecraft:player_head":9,"minecraft:stone_sword":1,"minecraft:bowl":6,"croptopia:cucumber_seed":1,"minecraft:tuff":3,"minecraft:raw_iron":9,"minecraft:stone_shovel":1,"croptopia:raspberry_seed":1,"minecraft:light_gray_wool":1,"minecraft:iron_hoe":2,"crystals_overhauled:malachite":12,"magistuarmory:rusted_heavymace":1,"extensivediamonds:red_diamond":3,"perfectbirbs:peacock_plushie":1,"minecraft:shears":1,"amethyst_imbuement:book_of_lore":7,"minecraft:diamond_sword":2,"minecraft:potato":180,"minecraft:shield":1,"jewelry:tanzanite":2,"minecraft:spruce_planks":4,"minecraft:bundle":1,"minecraft:diamond_pickaxe":3,"minecraft:andesite":1,"minecraft:spider_eye":80,"plentyofarmors:amethyst_helmet":2,"simplyswords:diamond_scythe":1,"minecraft:bow":3,"minecraft:stone_pickaxe":1,"minecraft:wooden_pickaxe":1,"minecraft:raw_gold":16,"minecraft:calcite":2,"mythicmetals:kyber_ingot":31},"minecraft:custom":{"lootr:looted_stat":98,"minecraft:interact_with_crafting_table":66,"minecraft:open_barrel":7,"minecraft:bell_ring":2,"minecraft:leave_game":13,"minecraft:time_since_death":19015,"minecraft:damage_resisted":1992,"minecraft:sprint_one_cm":1381844,"minecraft:damage_blocked_by_shield":9015,"minecraft:drop":317,"minecraft:talked_to_villager":17,"minecraft:play_time":683843,"minecraft:deaths":44,"minecraft:jump":13938,"minecraft:walk_on_water_one_cm":122159,"minecraft:interact_with_furnace":21,"minecraft:interact_with_cartography_table":1,"minecraft:sleep_in_bed":39,"minecraft:damage_dealt":60350,"minecraft:player_kills":6,"minecraft:crouch_one_cm":96390,"minecraft:interact_with_smoker":3,"minecraft:interact_with_smithing_table":1,"minecraft:interact_with_anvil":10,"minecraft:mob_kills":278,"minecraft:damage_dealt_resisted":48276,"minecraft:climb_one_cm":10883,"minecraft:walk_one_cm":975668,"minecraft:damage_dealt_absorbed":24167,"minecraft:sneak_time":33740,"minecraft:walk_under_water_one_cm":73996,"minecraft:boat_one_cm":411341,"minecraft:interact_with_blast_furnace":4,"minecraft:total_world_time":685851,"minecraft:hex":0,"minecraft:time_since_rest":19039,"minecraft:damage_absorbed":14038,"minecraft:damage_taken":24433,"minecraft:swim_one_cm":309782,"minecraft:fly_one_cm":2595920,"minecraft:open_chest":26,"minecraft:fall_one_cm":507249,"minecraft:fish_caught":2},"minecraft:crafted":{"immersive_aircraft:engine":2,"minecraft:black_dye":27,"travelersbackpack:ocelot":1,"plentyofarmors:amethyst_leggings":2,"minecraft:smooth_stone":3,"minecraft:oak_planks":276,"minecraft:stone":3,"minecraft:diamond_shovel":2,"minecraft:glass":13,"minecraft:diamond_helmet":4,"minecraft:diamond_leggings":2,"immersive_aircraft:hull":6,"minecraft:chest":5,"minecraft:diamond_axe":2,"minecraft:crafting_table":18,"crystals_overhauled:citrine_armor_boots":2,"minecraft:spruce_planks":40,"plentyofarmors:amethyst_boots":2,"travelersbackpack:standard":1,"minecraft:wooden_pickaxe":2,"regions_unexplored:pine_boat":4,"minecraft:copper_ingot":28,"chipped:carpenters_table":1,"minecraft:birch_planks":28,"immersive_aircraft:propeller":2,"plentyofarmors:amethyst_chestplate":2,"extensivediamonds:red_diamond_sword":2,"minecraft:diamond_pickaxe":4,"minecraft:shield":5,"minecraft:stick":48,"plentyofarmors:amethyst_gem":48,"minecraft:shears":2,"mythicmetals:kyber_helmet":2,"minecraft:cobbled_deepslate_slab":616,"minecraft:raw_iron":9,"minecraft:stone_shovel":4,"minecraft:fishing_rod":1,"simplyswords:diamond_greathammer":2,"minecraft:iron_nugget":9,"minecraft:furnace":8,"minecraft:blast_furnace":2,"immersive_aircraft:biplane":1,"minecraft:piston":2,"minecraft:bone_meal":198,"mythicmetals:kyber_pickaxe":2,"crystals_overhauled:citrine_armor_chestplate":2,"minecraft:iron_hoe":2,"minecraft:stone_pickaxe":2,"mythicmetals:kyber_boots":2,"minecraft:diamond_boots":2,"minecraft:spruce_boat":2,"plentyofarmors:amethyst_helmet":2,"minecraft:diamond_sword":1,"immersive_aircraft:boiler":2,"minecraft:amethyst_shard":332,"travelersbackpack:backpack_tank":2,"travelersbackpack:black_sleeping_bag":1,"minecraft:air":0,"regions_unexplored:pine_planks":92,"jewelry:tanzanite_ring":4,"minecraft:wooden_axe":1,"minecraft:torch":160,"mythicmetals:quadrillum_pickaxe":2,"minecraft:diamond_chestplate":3},"minecraft:killed_by":{"minecraft:creeper":10,"graveyard:skeleton_creeper":2,"minecraft:vindicator":1,"minecraft:cave_spider":1,"minecraft:zombie":12,"minecraft:player":3,"minecraft:spider":4,"minecraft:skeleton":10},"minecraft:used":{"minecraft:moss_carpet":1,"darkbread:gold_bread":12,"minecraft:bone_block":11,"minecraft:chest":2,"minecraft:shield":59,"minecraft:creeper_head":15,"minecraft:player_head":12,"minecraft:rotten_flesh":4,"simplyswords:diamond_twinblade":351,"minecraft:carrot":292,"minecraft:tuff":7,"minecraft:snowball":6,"minecraft:spruce_boat":2,"paladins:iron_claymore":10,"minecraft:dark_oak_slab":16,"darkblades:dark_slushy":3,"minecraft:rabbit_stew":5,"minecraft:bow":32,"minecraft:furnace":4,"magistuarmory:rusted_bastardsword":1,"chipped:pegged_oak_planks":182,"minecraft:skeleton_skull":12,"minecraft:egg":1,"immersive_aircraft:biplane":5,"extensivediamonds:red_diamond_sword":582,"minecraft:diamond_boots":1,"minecraft:stone_pickaxe":33,"minecraft:oak_planks":208,"minecraft:wooden_pickaxe":7,"minecraft:diamond_axe":608,"minecraft:sandstone":4,"minecraft:golden_apple":1,"minecraft:sand":100,"minecraft:mushroom_stew":1,"croptopia:orange":4,"mythicmetals:kyber_pickaxe":78,"minecraft:firework_rocket":7,"minecraft:zombie_head":1,"regions_unexplored:pine_boat":5,"minecraft:melon_slice":47,"minecraft:bread":38,"minecraft:polished_granite":1,"minecraft:gravel":3,"minecraft:diamond_sword":191,"minecraft:birch_log":5,"crystals_overhauled:citrine_armor_chestplate":1,"chipped:carpenters_table":1,"minecraft:coarse_dirt":1,"minecraft:bone_meal":198,"minecraft:stone_sword":4,"minecraft:flint_and_steel":20,"minecraft:stone_shovel":106,"minecraft:spruce_planks":37,"minecraft:dirt":687,"minecraft:torch":222,"darkbread:redstone_bread":3,"minecraft:spruce_stairs":1,"minecraft:diamond_helmet":1,"crystals_overhauled:citrine_armor_boots":1,"minecraft:iron_hoe":23,"simplyswords:diamond_scythe":10,"simplyswords:diamond_greathammer":150,"darkbread:diamond_bread":8,"minecraft:smooth_basalt":3,"minecraft:diamond_chestplate":1,"travelersbackpack:ocelot":3,"minecraft:cooked_beef":1,"minecraft:cobbled_deepslate":100,"minecraft:enchanted_golden_apple":2,"minecraft:calcite":2,"minecraft:water_bucket":218,"mythicmetals:quadrillum_pickaxe":13,"minecraft:bundle":1,"regions_unexplored:peat_dirt":194,"minecraft:leather_boots":3,"regions_unexplored:peat_coarse_dirt":1,"minecraft:cracked_stone_bricks":1,"minecraft:mossy_cobblestone":1,"minecraft:diamond_block":1,"archers:composite_longbow":52,"regions_unexplored:peat_podzol":9,"minecraft:red_bed":8,"minecraft:tnt":23,"minecraft:crafting_table":17,"bosses_of_mass_destruction:soul_star":1,"minecraft:oak_log":31,"minecraft:diamond_pickaxe":1487,"minecraft:apple":1,"minecraft:diamond_shovel":1098,"minecraft:spruce_sapling":1,"simplyswords:iron_sai":36,"minecraft:fishing_rod":2,"minecraft:cobbled_deepslate_slab":308,"travelersbackpack:standard":15,"minecraft:cobblestone":131,"minecraft:bucket":218,"regions_unexplored:maple_log":3},"minecraft:broken":{"minecraft:golden_boots":1,"minecraft:diamond_helmet":2,"rogues:rogue_armor_feet":1,"minecraft:diamond_shovel":1,"minecraft:diamond_pickaxe":1,"minecraft:stone_shovel":1,"minecraft:diamond_chestplate":1,"magistuarmory:rustedchainmail_boots":1,"minecraft:shield":2,"minecraft:iron_helmet":1},"minecraft:mined":{"minecraft:dark_oak_planks":6,"croptopia:cantaloupe_crop":1,"minecraft:spruce_planks":23,"minecraft:black_terracotta":1,"regions_unexplored:maple_log":40,"mythicupgrades:topaz_crystal_block":6,"crystals_overhauled:peridotite_ore":1,"mythicmetals:deepslate_morkite_ore":5,"extensivediamonds:deepslate_dark_diamond_ore":8,"minecraft:carved_pumpkin":2,"regions_unexplored:cattail":1,"minecraft:granite":18,"minecraft:budding_amethyst":2,"minecraft:grass_block":10,"mythicmetals:deepslate_adamantite_ore":16,"minecraft:oak_pressure_plate":1,"crystals_overhauled:celestite_ore":4,"minecraft:spawner":9,"mythicmetals:deepslate_orichalcum_ore":3,"minecraft:tall_seagrass":1,"minecraft:raw_iron_block":1,"extensivediamonds:deepslate_green_diamond_ore":11,"minecraft:iron_ore":5,"mythicmetals:orichalcum_ore":1,"croptopia:tea_crop":1,"minecraft:fire":9,"minecraft:cobbled_deepslate":31,"crystals_overhauled:malachite_ore":5,"regions_unexplored:mossy_stone":1,"minecraft:deepslate_lapis_ore":2,"minecraft:dark_oak_stairs":1,"regions_unexplored:pine_leaves":9,"minecraft:dirt_path":5,"minecraft:iron_bars":1,"mythicupgrades:topaz_crystal_cluster":5,"minecraft:player_head":2,"regions_unexplored:peat_coarse_dirt":1,"minecraft:deepslate_redstone_ore":6,"minecraft:red_bed":9,"minecraft:kelp_plant":1,"soulsweapons:verglas_ore_deepslate":3,"minecraft:powder_snow":27,"minecraft:torch":4,"expores:deepslate_experience_ore":21,"crystals_overhauled:saphire_ore":16,"minecraft:blast_furnace":1,"minecraft:calcite":12,"minecraft:melon":11,"minecraft:white_stained_glass_pane":1,"expores:experience_ore":11,"minecraft:cobblestone":4,"minecraft:oak_planks":163,"minecraft:sugar_cane":3,"minecraft:wall_torch":8,"extensivediamonds:deepslate_red_diamond_ore":4,"minecraft:amethyst_block":52,"regions_unexplored:pine_log":78,"farmersdelight:sandy_shrub":1,"minecraft:dark_oak_slab":12,"mythicmetals:aquarium_ore":3,"mythicmetals:manganese_ore":5,"minecraft:birch_log":47,"minecraft:blue_ice":2,"mythicupgrades:peridot_crystal_block":2,"minecraft:grass":16,"regions_unexplored:oak_shrub":1,"minecraft:oak_log":150,"regions_unexplored:peat_dirt":12,"minecraft:sand":76,"minecraft:dirt":1213,"mythicmetals:morkite_ore":11,"minecraft:smooth_basalt":25,"darkblades:dark_ore":45,"minecraft:oak_leaves":18,"minecraft:deepslate":620,"soulsweapons:verglas_ore":3,"regions_unexplored:spruce_shrub":1,"minecraft:tuff":23,"croptopia:orange_crop":4,"minecraft:light_gray_stained_glass_pane":4,"minecraft:deepslate_diamond_ore":26,"mythicmetals:calcite_kyber_ore":9,"minecraft:cobbled_deepslate_slab":14,"mythicmetals:silver_ore":1,"minecraft:decorated_pot":1,"regions_unexplored:maple_leaves":7,"minecraft:spruce_leaves":16,"minecraft:redstone_ore":5,"mythicmetals:quadrillum_ore":11,"minecraft:carrots":7,"minecraft:furnace":1,"minecraft:snow":4,"mythicupgrades:aquamarine_crystal_cluster":2,"croptopia:soybean_crop":1,"minecraft:andesite":21,"minecraft:stripped_spruce_log":1,"regions_unexplored:frozen_grass":11,"soulsweapons:moonstone_ore_deepslate":1,"crystals_overhauled:citrine_ore":11,"minecraft:bookshelf":14,"regions_unexplored:red_maple_leaves":10,"mythicmetals:carmot_ore":3,"mythicmetals:runite_ore":1,"regions_unexplored:medium_grass":4,"minecraft:stone":228,"minecraft:bone_block":8,"minecraft:scaffolding":1,"mythicmetals:platinum_ore":5,"regions_unexplored:silver_birch_leaf_pile":3,"minecraft:snow_block":11,"minecraft:polished_granite":2,"croptopia:sweetpotato_crop":1,"minecraft:oak_fence":1,"crystals_overhauled:rhodochrosite_ore":2,"minecraft:copper_ore":4,"minecraft:tall_grass":4,"minecraft:deepslate_gold_ore":75,"mythicmetals:deepslate_runite_ore":2,"minecraft:diorite":38,"chipped:pegged_oak_planks":3,"minecraft:spruce_stairs":1,"witcher_rpg:deepslate_silver_ore":3,"minecraft:coarse_dirt":1,"jewelry:deepslate_gem_vein":9,"minecraft:ice":16,"minecraft:spruce_log":24,"regions_unexplored:sandy_grass":4,"minecraft:coal_ore":90,"minecraft:flower_pot":1,"minecraft:gravel":14,"minecraft:cobweb":1,"minecraft:cracked_stone_bricks":2,"minecraft:stone_bricks":4,"minecraft:orange_wall_banner":1,"regions_unexplored:peat_podzol":2,"minecraft:mossy_stone_bricks":3,"minecraft:gold_ore":9,"mythicmetals:banglum_ore":1,"minecraft:fern":2},"minecraft:killed":{"minecraft:cave_spider":4,"graveyard:skeleton_creeper":4,"minecraft:spider":24,"minecraft:skeleton":65,"minecraft:chicken":2,"minecraft:silverfish":10,"artifacts:mimic":4,"minecraft:parrot":3,"minecraft:pig":3,"minecraft:zombie_villager":1,"minecraft:creeper":22,"minecraft:sheep":15,"minecraft:zombie":92,"minecraft:cow":6,"minecraft:slime":1,"minecraft:drowned":1,"graveyard:ghoul":7,"minecraft:bat":2,"minecraft:player":6,"minecraft:enderman":2},"minecraft:picked_up":{"minecraft:creeper_head":17,"minecraft:diamond_sword":2,"soulsweapons:moonstone":1,"minecraft:enchanted_book":4,"mythicupgrades:topaz_crystal_shard":25,"minecraft:amethyst_block":52,"minecraft:string":40,"minecraft:zombie_head":32,"minecraft:diamond_leggings":3,"regions_unexplored:pine_log":101,"minecraft:cobbled_deepslate":431,"bosses_of_mass_destruction:soul_star":3,"minecraft:bucket":3,"minecraft:spruce_planks":22,"crystals_overhauled:rhodochrosite":8,"minecraft:calcite":4,"minecraft:melon_slice":47,"minecraft:furnace":3,"minecraft:blue_wool":2,"minecraft:stick":68,"mythicmetals:raw_carmot":3,"crystals_overhauled:citrine_armor_boots":1,"minecraft:oak_fence":1,"minecraft:torch":59,"minecraft:spruce_stairs":1,"minecraft:porkchop":2,"magistuarmory:rusted_heavymace":1,"minecraft:diorite":15,"mythicmetals:morkite":26,"minecraft:stone_sword":3,"minecraft:rotten_flesh":143,"mythicmetals:raw_manganese":5,"minecraft:light_blue_wool":1,"plentyofarmors:amethyst_helmet":1,"croptopia:raspberry_seed":1,"minecraft:carved_pumpkin":2,"regions_unexplored:peat_coarse_dirt":1,"minecraft:cod":9,"minecraft:snowball":12,"minecraft:cobblestone":424,"minecraft:birch_log":47,"archers:composite_longbow":1,"minecraft:feather":15,"minecraft:cooked_beef":1,"magistuarmory:rustedchainmail_boots":2,"minecraft:andesite":1,"minecraft:potato":251,"travelersbackpack:ocelot":1,"minecraft:flint":5,"minecraft:tuff":10,"mythicmetals:raw_platinum":5,"artifacts:flame_pendant":1,"amethyst_imbuement:book_of_lore":6,"minecraft:lapis_lazuli":56,"minecraft:dirt":1705,"minecraft:lantern":1,"minecraft:polished_granite":2,"artifacts:shock_pendant":1,"minecraft:leather_boots":4,"minecraft:bone":147,"minecraft:bow":12,"minecraft:wheat_seeds":22,"extensivediamonds:red_diamond":5,"minecraft:raw_gold":47,"minecraft:cobbled_deepslate_slab":10,"crystals_overhauled:citrine":45,"mythicmetals:adamantite_ingot":17,"jewelry:sapphire":1,"jewelry:tanzanite_ring":1,"regions_unexplored:pine_boat":3,"minecraft:oak_planks":286,"mythicmetals:kyber_pickaxe":1,"patchouli:guide_book":9,"regions_unexplored:pine_sapling":1,"regions_unexplored:pine_planks":78,"mythicmetals:orichalcum_ingot":2,"minecraft:sand":115,"amethyst_imbuement:iridescent_orb":1,"mythicmetals:raw_quadrillum":15,"minecraft:diamond_block":1,"magistuarmory:rustedgreathelm":1,"minecraft:mossy_cobblestone":1,"minecraft:bundle":3,"minecraft:iron_hoe":1,"clutter:copper_coin":4,"minecraft:diamond":72,"minecraft:spruce_boat":1,"magistuarmory:corruptedroundshield":1,"minecraft:granite":7,"soulsweapons:verglas":6,"minecraft:emerald":1,"minecraft:bread":7,"minecraft:diamond_pickaxe":3,"minecraft:fishing_rod":1,"minecraft:mud":1,"minecraft:coarse_dirt":1,"minecraft:purple_wool":1,"simplyswords:iron_sai":1,"extensivediamonds:red_diamond_sword":1,"jewelry:citrine":1,"minecraft:wooden_pickaxe":1,"minecraft:orange_banner":1,"regions_unexplored:red_maple_leaf_pile":15,"minecraft:shield":4,"minecraft:red_bed":8,"minecraft:moss_carpet":1,"immersive_aircraft:biplane":4,"crystals_overhauled:peridotite":3,"minecraft:cracked_stone_bricks":1,"crystals_overhauled:malachite":12,"more_jewels:peridot":1,"minecraft:beef":33,"minecraft:player_head":25,"regions_unexplored:peat_podzol":20,"minecraft:light_gray_wool":1,"minecraft:sugar_cane":7,"minecraft:egg":6,"mythicmetals:raw_orichalcum":2,"minecraft:raw_iron":5,"minecraft:sandstone":4,"minecraft:copper_ingot":18,"croptopia:greenbean_seed":1,"mythicmetals:kyber_ingot":44,"magistuarmory:rustedkettlehat":1,"crystals_overhauled:saphire":31,"minecraft:carrot":456,"minecraft:redstone":49,"mythicupgrades:aquamarine_crystal_shard":4,"minecraft:tnt":1,"mythicmetals:raw_runite":1,"minecraft:arrow":200,"minecraft:stone_shovel":1,"jewelry:ruby":3,"minecraft:beetroot_seeds":2,"perfectbirbs:peacock_plushie":1,"minecraft:gold_ingot":87,"nyfsbp:carrot_banner_pattern":3,"mythicmetals:quadrillum_ingot":9,"minecraft:mutton":48,"minecraft:bone_block":21,"minecraft:skeleton_skull":49,"minecraft:white_wool":1,"regions_unexplored:peat_dirt":250,"more_jewels:opal":3,"minecraft:leather":6,"mythicmetals:runite_ingot":2,"croptopia:tea_leaves":1,"minecraft:oak_log":225,"minecraft:gunpowder":10,"chipped:pegged_oak_planks":3,"extensivediamonds:green_diamond":20,"jewelry:tanzanite":4,"minecraft:podzol":1,"amethyst_imbuement:glistering_tome":6,"minecraft:apple":10,"minecraft:iron_ingot":120,"minecraft:stone_pickaxe":1,"croptopia:raspberry":1,"artifacts:kitty_slippers":1,"mythicupgrades:topaz_crystal_block":3,"darkblades:dark_dust":80,"minecraft:glass_bottle":1,"minecraft:book":42,"minecraft:scaffolding":1,"jewelry:topaz":1,"minecraft:smooth_basalt":4,"minecraft:dark_oak_slab":21,"extensivediamonds:dark_diamond":8,"magistuarmory:rustedchainmail_chestplate":1,"mythicmetals:kyber_boots":1,"regions_unexplored:oak_shrub":2,"croptopia:cucumber_seed":1,"crystals_overhauled:citrine_armor_chestplate":1,"immersive_aircraft:boiler":1,"minecraft:raw_iron_block":1,"minecraft:gravel":4,"minecraft:spruce_sapling":5,"minecraft:blast_furnace":1,"croptopia:tea_seed":4,"minecraft:spruce_log":22,"magistuarmory:rustedchainmail_leggings":1,"minecraft:spider_eye":80,"minecraft:archer_pottery_sherd":4,"simplyswords:diamond_greathammer":2,"travelersbackpack:standard":3,"minecraft:firework_rocket":48,"minecraft:diamond_shovel":1,"more_jewels:aquamarine":1,"magistuarmory:rusted_bastardsword":3,"magistuarmory:rustedcrusader_boots":2,"minecraft:diamond_axe":3,"croptopia:orange":4,"minecraft:redstone_ore":3,"croptopia:greenbean":1,"regions_unexplored:maple_log":50,"mythicmetals:aquarium_ingot":5,"minecraft:black_wool":2,"crystals_overhauled:celestite":4,"minecraft:coal":109,"minecraft:ender_pearl":5}},"DataVersion":3465}