{"stats":{"minecraft:dropped":{"minecraft:iron_sword":1,"extensivediamonds:dark_diamond":1,"minecraft:porkchop":3,"regions_unexplored:peat_podzol":11,"minecraft:lapis_lazuli":2,"minecraft:oak_log":22,"minecraft:glass_bottle":1,"minecraft:diamond":6,"immersive_aircraft:boiler":1,"minecraft:dark_oak_slab":3,"minecraft:lantern":1,"minecraft:archer_pottery_sherd":4,"travelersbackpack:standard":1,"minecraft:cod":4,"minecraft:flint":2,"minecraft:dirt":1006,"archers:composite_longbow":1,"minecraft:mutton":24,"mythicmetals:quadrillum_ingot":6,"magistuarmory:rusted_bastardsword":2,"minecraft:bone_block":3,"magistuarmory:corruptedroundshield":1,"minecraft:purple_wool":1,"minecraft:fishing_rod":2,"minecraft:bone":26,"minecraft:gravel":1,"minecraft:iron_nugget":6,"minecraft:cobbled_deepslate":67,"minecraft:wheat":2,"minecraft:blue_wool":2,"minecraft:rotten_flesh":123,"minecraft:oak_planks":88,"croptopia:greenbean_seed":1,"more_jewels:opal":1,"regions_unexplored:oak_shrub":2,"beautify:hanging_pot":1,"minecraft:carrot":52,"patchouli:guide_book":2,"bosses_of_mass_destruction:soul_star":1,"perfectbirbs:crow_plushie":1,"regions_unexplored:peat_dirt":77,"minecraft:gunpowder":2,"minecraft:skeleton_skull":15,"minecraft:beetroot_seeds":2,"minecraft:leather_boots":2,"simplyswords:diamond_greathammer":1,"minecraft:beef":30,"croptopia:tea_seed":4,"minecraft:scaffolding":1,"minecraft:polished_granite":1,"minecraft:egg":2,"minecraft:iron_ingot":33,"minecraft:bread":7,"mythicupgrades:topaz_crystal_block":3,"minecraft:black_dye":27,"magistuarmory:rustedkettlehat":1,"minecraft:wheat_seeds":22,"minecraft:diamond_leggings":1,"clutter:copper_coin":8,"minecraft:feather":6,"minecraft:cobblestone":174,"croptopia:raspberry":1,"minecraft:apple":9,"minecraft:copper_ingot":1,"regions_unexplored:pine_sapling":1,"minecraft:stick":26,"magistuarmory:rustedcrusader_boots":2,"croptopia:greenbean":1,"extensivediamonds:red_diamond_sword":1,"minecraft:torch":32,"minecraft:light_blue_wool":1,"extensivediamonds:green_diamond":10,"minecraft:zombie_head":12,"crystals_overhauled:citrine":29,"minecraft:mud":1,"minecraft:chainmail_leggings":1,"minecraft:string":20,"minecraft:bucket":1,"archers:archer_armor_feet":1,"minecraft:spruce_sapling":4,"minecraft:furnace":1,"minecraft:creeper_head":1,"jewelry:emerald_necklace":2,"minecraft:redstone_ore":1,"regions_unexplored:pine_log":6,"regions_unexplored:pine_planks":79,"minecraft:player_head":9,"minecraft:stone_sword":1,"minecraft:bowl":6,"croptopia:cucumber_seed":1,"minecraft:raw_iron":9,"minecraft:stone_shovel":1,"croptopia:raspberry_seed":1,"minecraft:light_gray_wool":1,"minecraft:iron_hoe":2,"crystals_overhauled:malachite":12,"magistuarmory:rusted_heavymace":1,"extensivediamonds:red_diamond":3,"perfectbirbs:peacock_plushie":1,"amethyst_imbuement:book_of_lore":7,"minecraft:diamond_sword":2,"minecraft:potato":179,"minecraft:shield":1,"minecraft:spruce_planks":4,"minecraft:bundle":1,"minecraft:diamond_pickaxe":3,"minecraft:andesite":1,"minecraft:spider_eye":80,"minecraft:bow":2,"minecraft:stone_pickaxe":1,"minecraft:wooden_pickaxe":1,"minecraft:raw_gold":16},"minecraft:custom":{"lootr:looted_stat":90,"minecraft:interact_with_crafting_table":50,"minecraft:open_barrel":7,"minecraft:bell_ring":2,"minecraft:leave_game":9,"minecraft:time_since_death":62238,"minecraft:damage_resisted":1992,"minecraft:sprint_one_cm":1080742,"minecraft:damage_blocked_by_shield":9015,"minecraft:drop":253,"minecraft:talked_to_villager":14,"minecraft:play_time":555474,"minecraft:deaths":39,"minecraft:jump":11247,"minecraft:walk_on_water_one_cm":97572,"minecraft:interact_with_furnace":19,"minecraft:interact_with_cartography_table":1,"minecraft:sleep_in_bed":37,"minecraft:damage_dealt":47107,"minecraft:player_kills":1,"minecraft:crouch_one_cm":87340,"minecraft:interact_with_smoker":2,"minecraft:interact_with_smithing_table":1,"minecraft:mob_kills":228,"minecraft:damage_dealt_resisted":39454,"minecraft:climb_one_cm":3681,"minecraft:walk_one_cm":824978,"minecraft:damage_dealt_absorbed":19692,"minecraft:sneak_time":28202,"minecraft:walk_under_water_one_cm":36607,"minecraft:boat_one_cm":411341,"minecraft:interact_with_blast_furnace":4,"minecraft:total_world_time":557482,"minecraft:hex":0,"minecraft:time_since_rest":62269,"minecraft:damage_absorbed":9389,"minecraft:damage_taken":22066,"minecraft:swim_one_cm":178600,"minecraft:fly_one_cm":2077118,"minecraft:open_chest":12,"minecraft:fall_one_cm":426172,"minecraft:fish_caught":2},"minecraft:crafted":{"immersive_aircraft:engine":2,"minecraft:black_dye":27,"travelersbackpack:ocelot":1,"minecraft:smooth_stone":3,"minecraft:oak_planks":268,"minecraft:stone":3,"minecraft:diamond_shovel":2,"minecraft:glass":13,"minecraft:diamond_helmet":4,"minecraft:diamond_leggings":2,"immersive_aircraft:hull":6,"minecraft:chest":5,"minecraft:diamond_axe":2,"minecraft:crafting_table":16,"minecraft:spruce_planks":40,"travelersbackpack:standard":1,"crystals_overhauled:citrine_armor_boots":2,"minecraft:wooden_pickaxe":2,"regions_unexplored:pine_boat":4,"minecraft:copper_ingot":28,"minecraft:birch_planks":28,"chipped:carpenters_table":1,"immersive_aircraft:propeller":2,"extensivediamonds:red_diamond_sword":2,"minecraft:diamond_pickaxe":4,"minecraft:shield":5,"minecraft:stick":48,"minecraft:shears":2,"minecraft:raw_iron":9,"minecraft:stone_shovel":4,"minecraft:fishing_rod":1,"simplyswords:diamond_greathammer":2,"minecraft:iron_nugget":9,"minecraft:furnace":8,"minecraft:blast_furnace":2,"immersive_aircraft:biplane":1,"minecraft:piston":2,"minecraft:bone_meal":105,"crystals_overhauled:citrine_armor_chestplate":2,"minecraft:iron_hoe":2,"minecraft:stone_pickaxe":2,"minecraft:diamond_boots":2,"minecraft:spruce_boat":2,"minecraft:diamond_sword":1,"immersive_aircraft:boiler":2,"travelersbackpack:backpack_tank":2,"travelersbackpack:black_sleeping_bag":1,"minecraft:air":0,"regions_unexplored:pine_planks":92,"minecraft:wooden_axe":1,"minecraft:torch":160,"mythicmetals:quadrillum_pickaxe":2,"minecraft:diamond_chestplate":3},"minecraft:killed_by":{"minecraft:creeper":10,"graveyard:skeleton_creeper":2,"minecraft:vindicator":1,"minecraft:zombie":10,"minecraft:player":2,"minecraft:spider":4,"minecraft:skeleton":9},"minecraft:used":{"darkbread:gold_bread":12,"minecraft:bone_block":11,"minecraft:chest":2,"minecraft:shield":59,"minecraft:creeper_head":1,"minecraft:player_head":10,"simplyswords:diamond_twinblade":122,"minecraft:carrot":286,"minecraft:tuff":7,"minecraft:snowball":6,"minecraft:spruce_boat":2,"paladins:iron_claymore":6,"minecraft:dark_oak_slab":16,"darkblades:dark_slushy":3,"minecraft:rabbit_stew":5,"minecraft:furnace":4,"magistuarmory:rusted_bastardsword":1,"chipped:pegged_oak_planks":182,"minecraft:skeleton_skull":12,"immersive_aircraft:biplane":1,"extensivediamonds:red_diamond_sword":582,"minecraft:diamond_boots":1,"minecraft:stone_pickaxe":33,"minecraft:oak_planks":198,"minecraft:wooden_pickaxe":7,"minecraft:diamond_axe":531,"minecraft:sandstone":4,"minecraft:golden_apple":1,"minecraft:sand":100,"minecraft:mushroom_stew":1,"croptopia:orange":4,"minecraft:firework_rocket":7,"minecraft:zombie_head":1,"regions_unexplored:pine_boat":5,"minecraft:melon_slice":47,"minecraft:bread":37,"minecraft:polished_granite":1,"minecraft:gravel":1,"minecraft:diamond_sword":191,"minecraft:birch_log":5,"crystals_overhauled:citrine_armor_chestplate":1,"chipped:carpenters_table":1,"minecraft:coarse_dirt":1,"minecraft:bone_meal":105,"minecraft:stone_sword":4,"minecraft:flint_and_steel":20,"minecraft:stone_shovel":106,"minecraft:spruce_planks":37,"minecraft:dirt":687,"minecraft:torch":180,"darkbread:redstone_bread":3,"minecraft:spruce_stairs":1,"minecraft:diamond_helmet":1,"crystals_overhauled:citrine_armor_boots":1,"minecraft:iron_hoe":23,"simplyswords:diamond_scythe":10,"simplyswords:diamond_greathammer":145,"darkbread:diamond_bread":4,"minecraft:smooth_basalt":3,"minecraft:diamond_chestplate":1,"travelersbackpack:ocelot":1,"minecraft:cooked_beef":1,"minecraft:cobbled_deepslate":31,"minecraft:enchanted_golden_apple":2,"minecraft:calcite":2,"minecraft:water_bucket":173,"mythicmetals:quadrillum_pickaxe":13,"minecraft:bundle":1,"regions_unexplored:peat_dirt":194,"minecraft:leather_boots":3,"regions_unexplored:peat_coarse_dirt":1,"minecraft:cracked_stone_bricks":1,"minecraft:mossy_cobblestone":1,"archers:composite_longbow":52,"regions_unexplored:peat_podzol":9,"minecraft:red_bed":8,"minecraft:tnt":22,"minecraft:crafting_table":15,"bosses_of_mass_destruction:soul_star":1,"minecraft:oak_log":20,"minecraft:diamond_pickaxe":1163,"minecraft:diamond_shovel":1098,"minecraft:spruce_sapling":1,"simplyswords:iron_sai":36,"minecraft:fishing_rod":2,"minecraft:cobblestone":120,"travelersbackpack:standard":8,"minecraft:bucket":173,"regions_unexplored:maple_log":3},"minecraft:broken":{"minecraft:golden_boots":1,"minecraft:diamond_helmet":2,"rogues:rogue_armor_feet":1,"minecraft:diamond_shovel":1,"minecraft:diamond_pickaxe":1,"minecraft:stone_shovel":1,"minecraft:diamond_chestplate":1,"magistuarmory:rustedchainmail_boots":1,"minecraft:shield":2,"minecraft:iron_helmet":1},"minecraft:mined":{"minecraft:dark_oak_planks":6,"croptopia:cantaloupe_crop":1,"minecraft:spruce_planks":23,"minecraft:black_terracotta":1,"regions_unexplored:maple_log":30,"mythicupgrades:topaz_crystal_block":6,"crystals_overhauled:peridotite_ore":1,"mythicmetals:deepslate_morkite_ore":5,"extensivediamonds:deepslate_dark_diamond_ore":8,"minecraft:carved_pumpkin":2,"regions_unexplored:cattail":1,"minecraft:granite":5,"minecraft:grass_block":10,"mythicmetals:deepslate_adamantite_ore":16,"minecraft:oak_pressure_plate":1,"crystals_overhauled:celestite_ore":4,"minecraft:spawner":8,"mythicmetals:deepslate_orichalcum_ore":3,"minecraft:raw_iron_block":1,"extensivediamonds:deepslate_green_diamond_ore":10,"mythicmetals:orichalcum_ore":1,"minecraft:cobbled_deepslate":8,"minecraft:iron_ore":5,"croptopia:tea_crop":1,"minecraft:fire":9,"crystals_overhauled:malachite_ore":5,"regions_unexplored:mossy_stone":1,"minecraft:deepslate_lapis_ore":2,"minecraft:dark_oak_stairs":1,"regions_unexplored:pine_leaves":9,"minecraft:dirt_path":5,"minecraft:iron_bars":1,"mythicupgrades:topaz_crystal_cluster":5,"minecraft:player_head":2,"regions_unexplored:peat_coarse_dirt":1,"minecraft:deepslate_redstone_ore":6,"minecraft:red_bed":9,"soulsweapons:verglas_ore_deepslate":3,"minecraft:powder_snow":27,"minecraft:torch":3,"expores:deepslate_experience_ore":17,"crystals_overhauled:saphire_ore":16,"minecraft:blast_furnace":1,"minecraft:calcite":8,"minecraft:melon":11,"minecraft:white_stained_glass_pane":1,"expores:experience_ore":11,"minecraft:cobblestone":3,"minecraft:oak_planks":153,"minecraft:sugar_cane":3,"minecraft:wall_torch":2,"extensivediamonds:deepslate_red_diamond_ore":3,"regions_unexplored:pine_log":78,"farmersdelight:sandy_shrub":1,"minecraft:dark_oak_slab":12,"minecraft:birch_log":47,"mythicmetals:manganese_ore":5,"minecraft:blue_ice":2,"mythicupgrades:peridot_crystal_block":2,"minecraft:grass":11,"regions_unexplored:oak_shrub":1,"minecraft:oak_log":101,"regions_unexplored:peat_dirt":12,"minecraft:sand":76,"minecraft:dirt":1213,"mythicmetals:morkite_ore":11,"darkblades:dark_ore":45,"minecraft:smooth_basalt":9,"minecraft:oak_leaves":5,"minecraft:deepslate":465,"soulsweapons:verglas_ore":3,"regions_unexplored:spruce_shrub":1,"minecraft:tuff":20,"croptopia:orange_crop":4,"minecraft:light_gray_stained_glass_pane":4,"minecraft:deepslate_diamond_ore":26,"mythicmetals:silver_ore":1,"minecraft:decorated_pot":1,"regions_unexplored:maple_leaves":7,"minecraft:spruce_leaves":16,"minecraft:redstone_ore":5,"mythicmetals:quadrillum_ore":11,"minecraft:furnace":1,"minecraft:carrots":7,"minecraft:snow":4,"mythicupgrades:aquamarine_crystal_cluster":2,"minecraft:andesite":7,"minecraft:stripped_spruce_log":1,"regions_unexplored:frozen_grass":11,"soulsweapons:moonstone_ore_deepslate":1,"crystals_overhauled:citrine_ore":11,"minecraft:bookshelf":14,"regions_unexplored:red_maple_leaves":10,"mythicmetals:carmot_ore":3,"mythicmetals:runite_ore":1,"regions_unexplored:medium_grass":4,"minecraft:stone":195,"minecraft:bone_block":8,"minecraft:scaffolding":1,"mythicmetals:platinum_ore":5,"regions_unexplored:silver_birch_leaf_pile":3,"minecraft:snow_block":11,"minecraft:polished_granite":2,"croptopia:sweetpotato_crop":1,"minecraft:oak_fence":1,"crystals_overhauled:rhodochrosite_ore":2,"minecraft:tall_grass":2,"minecraft:deepslate_gold_ore":75,"mythicmetals:deepslate_runite_ore":2,"minecraft:diorite":2,"chipped:pegged_oak_planks":3,"minecraft:spruce_stairs":1,"witcher_rpg:deepslate_silver_ore":3,"minecraft:coarse_dirt":1,"jewelry:deepslate_gem_vein":9,"minecraft:ice":16,"minecraft:spruce_log":24,"regions_unexplored:sandy_grass":4,"minecraft:coal_ore":90,"minecraft:flower_pot":1,"minecraft:gravel":7,"minecraft:cracked_stone_bricks":2,"minecraft:stone_bricks":4,"minecraft:orange_wall_banner":1,"minecraft:mossy_stone_bricks":3,"minecraft:gold_ore":9,"mythicmetals:banglum_ore":1,"regions_unexplored:peat_podzol":2,"minecraft:fern":2},"minecraft:killed":{"minecraft:cave_spider":4,"graveyard:skeleton_creeper":2,"minecraft:spider":21,"minecraft:skeleton":55,"minecraft:chicken":1,"minecraft:silverfish":10,"artifacts:mimic":4,"minecraft:parrot":3,"minecraft:pig":3,"minecraft:zombie_villager":1,"minecraft:creeper":8,"minecraft:sheep":15,"minecraft:zombie":75,"minecraft:cow":5,"minecraft:slime":1,"minecraft:drowned":1,"graveyard:ghoul":6,"minecraft:bat":2,"minecraft:player":1,"minecraft:enderman":1},"minecraft:picked_up":{"minecraft:creeper_head":3,"minecraft:diamond_sword":2,"soulsweapons:moonstone":1,"mythicupgrades:topaz_crystal_shard":25,"minecraft:string":40,"minecraft:zombie_head":24,"minecraft:diamond_leggings":1,"regions_unexplored:pine_log":101,"minecraft:cobbled_deepslate":298,"bosses_of_mass_destruction:soul_star":2,"minecraft:bucket":3,"minecraft:spruce_planks":22,"crystals_overhauled:rhodochrosite":5,"minecraft:calcite":2,"minecraft:melon_slice":47,"minecraft:furnace":3,"minecraft:blue_wool":2,"minecraft:stick":60,"mythicmetals:raw_carmot":3,"minecraft:oak_fence":1,"minecraft:torch":46,"minecraft:spruce_stairs":1,"magistuarmory:rusted_heavymace":1,"minecraft:porkchop":2,"mythicmetals:morkite":26,"minecraft:stone_sword":3,"minecraft:rotten_flesh":123,"mythicmetals:raw_manganese":5,"minecraft:light_blue_wool":1,"croptopia:raspberry_seed":1,"minecraft:carved_pumpkin":2,"regions_unexplored:peat_coarse_dirt":1,"minecraft:cod":9,"minecraft:snowball":12,"minecraft:cobblestone":396,"minecraft:birch_log":47,"archers:composite_longbow":1,"minecraft:feather":6,"minecraft:cooked_beef":1,"magistuarmory:rustedchainmail_boots":2,"minecraft:andesite":1,"minecraft:potato":249,"minecraft:flint":2,"minecraft:tuff":7,"artifacts:flame_pendant":1,"mythicmetals:raw_platinum":5,"amethyst_imbuement:book_of_lore":6,"minecraft:lapis_lazuli":56,"minecraft:dirt":1705,"minecraft:lantern":1,"minecraft:polished_granite":2,"artifacts:shock_pendant":1,"minecraft:leather_boots":4,"minecraft:bone":117,"minecraft:bow":6,"minecraft:wheat_seeds":22,"extensivediamonds:red_diamond":5,"minecraft:raw_gold":47,"crystals_overhauled:citrine":45,"mythicmetals:adamantite_ingot":16,"jewelry:sapphire":1,"regions_unexplored:pine_boat":3,"minecraft:oak_planks":276,"patchouli:guide_book":9,"regions_unexplored:pine_sapling":1,"amethyst_imbuement:iridescent_orb":1,"mythicmetals:orichalcum_ingot":2,"regions_unexplored:pine_planks":78,"minecraft:sand":115,"mythicmetals:raw_quadrillum":15,"magistuarmory:rustedgreathelm":1,"minecraft:mossy_cobblestone":1,"minecraft:bundle":3,"minecraft:iron_hoe":1,"clutter:copper_coin":4,"minecraft:diamond":71,"minecraft:spruce_boat":1,"magistuarmory:corruptedroundshield":1,"soulsweapons:verglas":6,"minecraft:emerald":1,"minecraft:bread":7,"minecraft:diamond_pickaxe":3,"minecraft:fishing_rod":1,"minecraft:mud":1,"minecraft:coarse_dirt":1,"jewelry:citrine":1,"minecraft:purple_wool":1,"simplyswords:iron_sai":1,"extensivediamonds:red_diamond_sword":1,"minecraft:wooden_pickaxe":1,"minecraft:orange_banner":1,"regions_unexplored:red_maple_leaf_pile":15,"minecraft:shield":4,"minecraft:red_bed":8,"crystals_overhauled:peridotite":3,"minecraft:cracked_stone_bricks":1,"crystals_overhauled:malachite":12,"more_jewels:peridot":1,"minecraft:beef":29,"minecraft:player_head":23,"regions_unexplored:peat_podzol":20,"minecraft:light_gray_wool":1,"minecraft:sugar_cane":7,"minecraft:egg":3,"mythicmetals:raw_orichalcum":2,"minecraft:raw_iron":5,"minecraft:sandstone":4,"croptopia:greenbean_seed":1,"magistuarmory:rustedkettlehat":1,"crystals_overhauled:saphire":31,"minecraft:carrot":347,"minecraft:redstone":49,"mythicupgrades:aquamarine_crystal_shard":4,"mythicmetals:raw_runite":1,"jewelry:ruby":3,"minecraft:arrow":140,"minecraft:stone_shovel":1,"minecraft:beetroot_seeds":2,"perfectbirbs:peacock_plushie":1,"mythicmetals:quadrillum_ingot":9,"minecraft:gold_ingot":48,"nyfsbp:carrot_banner_pattern":2,"minecraft:mutton":48,"minecraft:bone_block":20,"minecraft:skeleton_skull":36,"minecraft:white_wool":1,"regions_unexplored:peat_dirt":250,"more_jewels:opal":3,"minecraft:leather":4,"mythicmetals:runite_ingot":2,"croptopia:tea_leaves":1,"minecraft:oak_log":153,"minecraft:gunpowder":2,"chipped:pegged_oak_planks":3,"extensivediamonds:green_diamond":20,"jewelry:tanzanite":2,"amethyst_imbuement:glistering_tome":6,"minecraft:apple":10,"minecraft:iron_ingot":108,"croptopia:raspberry":1,"minecraft:stone_pickaxe":1,"artifacts:kitty_slippers":1,"mythicupgrades:topaz_crystal_block":3,"darkblades:dark_dust":80,"minecraft:glass_bottle":1,"minecraft:book":42,"minecraft:scaffolding":1,"jewelry:topaz":1,"minecraft:smooth_basalt":3,"minecraft:dark_oak_slab":21,"extensivediamonds:dark_diamond":8,"minecraft:raw_iron_block":1,"croptopia:cucumber_seed":1,"immersive_aircraft:boiler":1,"regions_unexplored:oak_shrub":2,"minecraft:gravel":2,"minecraft:spruce_sapling":5,"minecraft:blast_furnace":1,"croptopia:tea_seed":4,"minecraft:spruce_log":22,"minecraft:spider_eye":80,"minecraft:archer_pottery_sherd":4,"simplyswords:diamond_greathammer":1,"travelersbackpack:standard":1,"minecraft:firework_rocket":7,"minecraft:diamond_shovel":1,"more_jewels:aquamarine":1,"magistuarmory:rusted_bastardsword":2,"magistuarmory:rustedcrusader_boots":2,"croptopia:orange":4,"minecraft:redstone_ore":3,"minecraft:diamond_axe":1,"croptopia:greenbean":1,"regions_unexplored:maple_log":30,"minecraft:black_wool":2,"crystals_overhauled:celestite":4,"minecraft:coal":109,"minecraft:ender_pearl":2}},"DataVersion":3465}