{"stats":{"minecraft:dropped":{"minecraft:iron_ingot":28,"minecraft:bread":7,"minecraft:porkchop":3,"minecraft:wheat_seeds":7,"minecraft:oak_log":2,"immersive_aircraft:boiler":1,"minecraft:cobblestone":48,"minecraft:lantern":1,"minecraft:apple":9,"regions_unexplored:pine_sapling":1,"minecraft:archer_pottery_sherd":4,"minecraft:flint":1,"minecraft:dirt":901,"croptopia:greenbean":1,"minecraft:torch":32,"minecraft:light_blue_wool":1,"magistuarmory:rusted_bastardsword":1,"minecraft:zombie_head":3,"minecraft:bone_block":3,"minecraft:purple_wool":1,"minecraft:fishing_rod":1,"archers:archer_armor_feet":1,"minecraft:spruce_sapling":4,"minecraft:furnace":1,"minecraft:redstone_ore":1,"regions_unexplored:pine_log":6,"regions_unexplored:pine_planks":79,"minecraft:player_head":7,"minecraft:stone_sword":1,"croptopia:cucumber_seed":1,"minecraft:wheat":2,"minecraft:blue_wool":2,"minecraft:rotten_flesh":12,"croptopia:greenbean_seed":1,"minecraft:iron_hoe":1,"perfectbirbs:peacock_plushie":1,"extensivediamonds:red_diamond":3,"beautify:hanging_pot":1,"minecraft:carrot":1,"patchouli:guide_book":2,"perfectbirbs:crow_plushie":1,"minecraft:potato":169,"minecraft:spruce_planks":4,"minecraft:skeleton_skull":3,"minecraft:bundle":1,"minecraft:diamond_pickaxe":1,"minecraft:leather_boots":2,"minecraft:stone_pickaxe":1,"minecraft:beef":30,"minecraft:wooden_pickaxe":1,"minecraft:scaffolding":1,"minecraft:polished_granite":1},"minecraft:crafted":{"immersive_aircraft:engine":2,"minecraft:smooth_stone":3,"minecraft:stone_shovel":4,"minecraft:fishing_rod":1,"minecraft:furnace":6,"minecraft:blast_furnace":2,"immersive_aircraft:biplane":1,"minecraft:piston":2,"minecraft:stone":3,"minecraft:diamond_shovel":2,"minecraft:diamond_helmet":2,"immersive_aircraft:hull":6,"minecraft:stone_pickaxe":2,"minecraft:spruce_boat":2,"minecraft:diamond_sword":1,"immersive_aircraft:boiler":2,"minecraft:diamond_axe":2,"minecraft:crafting_table":11,"minecraft:spruce_planks":40,"minecraft:wooden_pickaxe":2,"regions_unexplored:pine_boat":4,"minecraft:copper_ingot":28,"immersive_aircraft:propeller":2,"minecraft:air":0,"extensivediamonds:red_diamond_sword":2,"regions_unexplored:pine_planks":92,"minecraft:diamond_pickaxe":2,"minecraft:shield":5,"minecraft:stick":16,"minecraft:torch":44,"minecraft:diamond_chestplate":1},"minecraft:custom":{"minecraft:interact_with_smithing_table":1,"lootr:looted_stat":58,"minecraft:mob_kills":83,"minecraft:interact_with_crafting_table":24,"minecraft:open_barrel":7,"minecraft:bell_ring":2,"minecraft:damage_dealt_resisted":13672,"minecraft:leave_game":4,"minecraft:time_since_death":8616,"minecraft:climb_one_cm":3681,"minecraft:damage_resisted":960,"minecraft:sprint_one_cm":525320,"minecraft:walk_one_cm":350983,"minecraft:damage_blocked_by_shield":7340,"minecraft:drop":97,"minecraft:damage_dealt_absorbed":6401,"minecraft:talked_to_villager":12,"minecraft:play_time":282072,"minecraft:sneak_time":14607,"minecraft:deaths":24,"minecraft:walk_under_water_one_cm":14785,"minecraft:boat_one_cm":411341,"minecraft:jump":5631,"minecraft:interact_with_blast_furnace":3,"minecraft:walk_on_water_one_cm":41992,"minecraft:total_world_time":284080,"minecraft:interact_with_furnace":12,"minecraft:sleep_in_bed":8,"minecraft:hex":0,"minecraft:time_since_rest":8645,"minecraft:damage_absorbed":1761,"minecraft:damage_taken":11574,"minecraft:damage_dealt":18294,"minecraft:swim_one_cm":91754,"minecraft:fly_one_cm":1232219,"minecraft:player_kills":1,"minecraft:open_chest":7,"minecraft:crouch_one_cm":49842,"minecraft:interact_with_smoker":2,"minecraft:fall_one_cm":212829},"minecraft:killed_by":{"minecraft:player":2,"minecraft:creeper":6,"minecraft:spider":3,"minecraft:vindicator":1,"minecraft:skeleton":7,"minecraft:zombie":4},"minecraft:used":{"darkbread:gold_bread":9,"minecraft:stone_sword":4,"minecraft:stone_shovel":106,"minecraft:bone_block":3,"minecraft:spruce_planks":37,"minecraft:shield":45,"minecraft:player_head":9,"minecraft:torch":24,"minecraft:dirt":226,"minecraft:spruce_stairs":1,"minecraft:carrot":90,"minecraft:diamond_helmet":1,"minecraft:snowball":6,"minecraft:spruce_boat":2,"paladins:iron_claymore":6,"minecraft:dark_oak_slab":13,"minecraft:diamond_chestplate":1,"minecraft:furnace":2,"minecraft:skeleton_skull":8,"immersive_aircraft:biplane":1,"minecraft:cooked_beef":1,"extensivediamonds:red_diamond_sword":321,"minecraft:bundle":1,"minecraft:stone_pickaxe":33,"minecraft:wooden_pickaxe":7,"minecraft:leather_boots":3,"minecraft:diamond_axe":205,"minecraft:mossy_cobblestone":1,"minecraft:sand":4,"archers:composite_longbow":3,"minecraft:red_bed":5,"minecraft:crafting_table":11,"croptopia:orange":4,"minecraft:diamond_pickaxe":62,"minecraft:diamond_shovel":1098,"regions_unexplored:pine_boat":5,"minecraft:bread":28,"minecraft:polished_granite":1,"minecraft:spruce_sapling":1,"simplyswords:iron_sai":36,"minecraft:diamond_sword":191,"minecraft:cobblestone":70,"minecraft:coarse_dirt":1,"regions_unexplored:maple_log":3},"minecraft:broken":{"minecraft:golden_boots":1,"minecraft:diamond_helmet":1,"rogues:rogue_armor_feet":1,"minecraft:shield":2,"minecraft:diamond_shovel":1,"minecraft:stone_shovel":1},"minecraft:mined":{"regions_unexplored:spruce_shrub":1,"croptopia:cantaloupe_crop":1,"minecraft:spruce_planks":20,"minecraft:light_gray_stained_glass_pane":4,"croptopia:orange_crop":4,"regions_unexplored:maple_log":30,"regions_unexplored:cattail":1,"minecraft:grass_block":8,"minecraft:decorated_pot":1,"minecraft:oak_pressure_plate":1,"regions_unexplored:maple_leaves":7,"minecraft:spruce_leaves":16,"minecraft:spawner":6,"minecraft:fire":8,"minecraft:snow":4,"regions_unexplored:mossy_stone":1,"minecraft:stripped_spruce_log":1,"minecraft:deepslate_lapis_ore":2,"regions_unexplored:frozen_grass":11,"regions_unexplored:pine_leaves":9,"minecraft:bookshelf":14,"minecraft:dirt_path":5,"regions_unexplored:red_maple_leaves":10,"minecraft:iron_bars":1,"regions_unexplored:medium_grass":4,"minecraft:stone":36,"minecraft:deepslate_redstone_ore":5,"minecraft:scaffolding":1,"minecraft:red_bed":6,"regions_unexplored:silver_birch_leaf_pile":3,"minecraft:snow_block":11,"minecraft:powder_snow":27,"minecraft:polished_granite":2,"croptopia:sweetpotato_crop":1,"minecraft:oak_fence":1,"minecraft:torch":2,"minecraft:white_stained_glass_pane":1,"minecraft:tall_grass":2,"minecraft:cobblestone":1,"minecraft:deepslate_gold_ore":7,"minecraft:sugar_cane":1,"extensivediamonds:deepslate_red_diamond_ore":3,"minecraft:wall_torch":1,"regions_unexplored:pine_log":78,"minecraft:spruce_stairs":1,"minecraft:coarse_dirt":1,"minecraft:dark_oak_slab":9,"minecraft:ice":16,"minecraft:blue_ice":2,"minecraft:spruce_log":24,"minecraft:grass":7,"minecraft:oak_log":5,"minecraft:coal_ore":8,"minecraft:gravel":3,"minecraft:dirt":1187,"minecraft:flower_pot":1,"minecraft:orange_wall_banner":1,"minecraft:stone_bricks":1,"minecraft:mossy_stone_bricks":3,"mythicmetals:banglum_ore":1,"minecraft:oak_leaves":5,"minecraft:deepslate":15,"minecraft:fern":1},"minecraft:killed":{"minecraft:spider":9,"minecraft:skeleton":23,"minecraft:drowned":1,"minecraft:silverfish":10,"minecraft:parrot":3,"minecraft:pig":3,"minecraft:sheep":15,"minecraft:zombie":9,"minecraft:player":1,"minecraft:cow":5},"minecraft:picked_up":{"minecraft:fishing_rod":1,"minecraft:coarse_dirt":1,"minecraft:purple_wool":1,"simplyswords:iron_sai":1,"minecraft:wooden_pickaxe":1,"minecraft:orange_banner":1,"regions_unexplored:red_maple_leaf_pile":15,"minecraft:shield":3,"minecraft:string":18,"minecraft:red_bed":5,"minecraft:zombie_head":6,"regions_unexplored:pine_log":101,"minecraft:spruce_planks":22,"minecraft:beef":29,"minecraft:player_head":20,"minecraft:furnace":2,"minecraft:blue_wool":2,"minecraft:stick":50,"minecraft:oak_fence":1,"croptopia:greenbean_seed":1,"minecraft:torch":39,"minecraft:spruce_stairs":1,"minecraft:porkchop":2,"minecraft:carrot":108,"minecraft:redstone":22,"minecraft:stone_sword":3,"minecraft:arrow":40,"minecraft:stone_shovel":1,"minecraft:rotten_flesh":12,"minecraft:light_blue_wool":1,"perfectbirbs:peacock_plushie":1,"minecraft:mutton":24,"minecraft:snowball":12,"minecraft:skeleton_skull":12,"minecraft:bone_block":9,"minecraft:cobblestone":172,"minecraft:feather":2,"minecraft:cooked_beef":1,"minecraft:leather":4,"minecraft:potato":239,"minecraft:flint":1,"minecraft:oak_log":2,"minecraft:lapis_lazuli":40,"minecraft:dirt":1301,"minecraft:lantern":1,"minecraft:polished_granite":2,"minecraft:leather_boots":4,"amethyst_imbuement:glistering_tome":6,"minecraft:bone":46,"minecraft:apple":10,"minecraft:bow":2,"minecraft:wheat_seeds":7,"extensivediamonds:red_diamond":5,"minecraft:raw_gold":7,"minecraft:iron_ingot":82,"minecraft:stone_pickaxe":1,"regions_unexplored:pine_boat":3,"minecraft:book":42,"minecraft:scaffolding":1,"minecraft:dark_oak_slab":15,"patchouli:guide_book":9,"regions_unexplored:pine_sapling":1,"croptopia:cucumber_seed":1,"immersive_aircraft:boiler":1,"regions_unexplored:pine_planks":78,"minecraft:sand":6,"minecraft:spruce_sapling":5,"minecraft:spruce_log":22,"minecraft:mossy_cobblestone":1,"minecraft:archer_pottery_sherd":4,"minecraft:bundle":3,"minecraft:iron_hoe":1,"minecraft:diamond_shovel":1,"minecraft:spruce_boat":1,"minecraft:diamond":28,"magistuarmory:rusted_bastardsword":1,"magistuarmory:rustedcrusader_boots":1,"croptopia:orange":4,"minecraft:redstone_ore":1,"minecraft:diamond_axe":1,"croptopia:greenbean":1,"regions_unexplored:maple_log":30,"minecraft:bread":7,"minecraft:coal":10,"minecraft:diamond_pickaxe":1}},"DataVersion":3465}