{"stats":{"minecraft:dropped":{"minecraft:porkchop":1,"minecraft:lapis_lazuli":14,"minecraft:glow_ink_sac":5,"minecraft:crafting_table":1,"perfectplushies:dolphin_plushie":1,"biomemakeover:crude_fragment":6,"minecraft:archer_pottery_sherd":4,"regions_unexplored:maple_planks":9,"minecraft:red_mushroom":2,"minecraft:emerald":1,"rogues:iron_glaive":1,"minecraft:dirt":161,"minecraft:mutton":2,"croptopia:pepper":1,"minecraft:snowball":85,"minecraft:sand":1,"minecraft:white_wool":1,"minecraft:bone":8,"minecraft:beetroot":1,"minecraft:oak_planks":2,"minecraft:carrot":2,"battlemages:iron_fire_flamberge":1,"minecraft:skeleton_skull":9,"croptopia:broccoli_seed":2,"minecraft:leather_boots":1,"minecraft:ladder":9,"magistuarmory:rustedchainmail_boots":2,"minecraft:netherrack":1,"minecraft:egg":1,"perfectplushies:dumbo_blob_plushie":2,"minecraft:golden_boots":1,"minecraft:bread":7,"minecraft:wheat_seeds":51,"clutter:copper_coin":16,"minecraft:cobblestone":15,"minecraft:apple":11,"minecraft:granite":3,"minecraft:copper_ingot":1,"minecraft:coal":4,"minecraft:stick":13,"minecraft:ink_sac":1,"minecraft:torch":8,"minecraft:zombie_head":8,"minecraft:iron_shovel":1,"minecraft:spruce_sapling":1,"minecraft:dandelion":1,"minecraft:smooth_basalt":1,"runes:fire_stone":3,"croptopia:oat":2,"minecraft:creeper_head":1,"regions_unexplored:pine_planks":3,"minecraft:stone_sword":2,"perfectbirbs:peacock_plushie":1,"minecraft:orange_wool":2,"perfectplushies:robin_plushie":1,"minecraft:potato":9,"minecraft:bundle":1,"minecraft:spruce_planks":4,"minecraft:spruce_trapdoor":1,"minecraft:andesite":5,"minecraft:oak_sapling":3,"minecraft:bow":4,"minecraft:stone_pickaxe":1,"croptopia:pepper_seed":4,"perfectplushies:capybara_plushie":1},"minecraft:crafted":{"minecraft:oak_planks":932,"fallenwizardsmod:dark_fire_wizard_armor_t2_head":1,"minecraft:blaze_powder":10,"regions_unexplored:maple_planks":24,"minecraft:diamond_shovel":2,"minecraft:bookshelf":42,"minecraft:nether_brick":58,"elemental_metals:fire_infused_iron_nugget":18,"minecraft:cooked_mutton":6,"rogues:iron_glaive":1,"minecraft:glass":36,"runes:healing_stone":2,"druids:shard_fire":1,"fallenwizardsmod:dark_fire_wizard_armor_t2_chest":2,"minecraft:chest":6,"regions_unexplored:maple_door":6,"minecraft:crafting_table":9,"minecraft:spruce_planks":224,"minecraft:wooden_pickaxe":2,"travelersbackpack:standard":2,"runes:fire_stone":208,"elemental_metals:fire_infused_iron_ingot":10,"minecraft:blaze_rod":9,"minecraft:spruce_trapdoor":6,"fallenwizardsmod:dark_fire_wizard_armor_t2_legs":2,"minecraft:book":50,"minecraft:paper":156,"minecraft:yellow_dye":37,"minecraft:diamond_pickaxe":2,"minecraft:stick":88,"minecraft:iron_pickaxe":2,"minecraft:iron_ingot":48,"minecraft:stone_sword":1,"minecraft:gold_ingot":1,"wizards:wand_fire":1,"minecraft:coarse_dirt":4,"minecraft:oak_door":6,"minecraft:furnace":4,"soulsweapons:holy_greatsword":1,"minecraft:bone_meal":45,"minecraft:orange_wool":28,"travelersbackpack:white_sleeping_bag":1,"minecraft:polished_diorite":8,"minecraft:leather":47,"minecraft:iron_axe":1,"minecraft:ladder":24,"minecraft:stone_pickaxe":4,"battlemages:iron_fire_flamberge":1,"minecraft:cooked_beef":4,"minecraft:red_dye":20,"minecraft:brown_mushroom":4,"minecraft:amethyst_shard":12,"fallenwizardsmod:dark_fire_wizard_armor_t2_feet":2,"travelersbackpack:backpack_tank":8,"minecraft:iron_sword":1,"minecraft:bucket":2,"minecraft:stone_axe":5,"minecraft:orange_dye":40,"minecraft:air":0,"travelersbackpack:squid":2,"regions_unexplored:pine_planks":20,"minecraft:gold_nugget":9,"minecraft:blackstone":9,"minecraft:oak_stairs":104,"fallenwizardsmod:dark_fire_staff":1,"minecraft:white_bed":1,"spell_engine:spell_binding":2,"minecraft:torch":48,"minecraft:soul_sand":1},"minecraft:custom":{"lootr:looted_stat":43,"minecraft:interact_with_crafting_table":96,"minecraft:bell_ring":57,"minecraft:leave_game":6,"minecraft:time_since_death":27589,"minecraft:sprint_one_cm":1045312,"minecraft:damage_blocked_by_shield":220,"minecraft:drop":136,"minecraft:talked_to_villager":9,"minecraft:play_time":463525,"minecraft:deaths":25,"minecraft:jump":10680,"minecraft:walk_on_water_one_cm":4874,"minecraft:interact_with_furnace":52,"minecraft:sleep_in_bed":15,"minecraft:damage_dealt":10123,"minecraft:player_kills":3,"minecraft:crouch_one_cm":54007,"minecraft:mob_kills":71,"minecraft:damage_dealt_resisted":5847,"minecraft:climb_one_cm":35601,"minecraft:walk_one_cm":869260,"minecraft:damage_dealt_absorbed":3710,"minecraft:sneak_time":19369,"minecraft:walk_under_water_one_cm":1046,"minecraft:interact_with_lectern":2,"minecraft:total_world_time":463525,"minecraft:hex":0,"minecraft:time_since_rest":3843,"minecraft:damage_taken":16452,"minecraft:damage_absorbed":1925,"minecraft:swim_one_cm":1337,"minecraft:fly_one_cm":2056438,"minecraft:open_chest":127,"minecraft:threat":17,"minecraft:fall_one_cm":375645},"minecraft:killed_by":{"minecraft:creeper":3,"minecraft:pillager":2,"minecraft:witch":1,"minecraft:zombie":4,"minecraft:player":3,"minecraft:spider":4,"minecraft:enderman":1,"minecraft:iron_golem":1,"minecraft:skeleton":4},"minecraft:used":{"darkbread:gold_bread":3,"regions_unexplored:maple_door":1,"minecraft:ladder":12,"minecraft:chest":6,"minecraft:shield":5,"darkbread:ender_bread":6,"minecraft:mutton":2,"minecraft:carrot":4,"minecraft:tuff":2,"witcher_rpg:silver_witcher_sword":10,"croptopia:peach":12,"minecraft:written_book":5,"rogues:iron_glaive":235,"minecraft:furnace":4,"minecraft:potato":2,"minecraft:stone_pickaxe":371,"minecraft:oak_planks":635,"minecraft:wooden_pickaxe":18,"spell_engine:spell_binding":3,"minecraft:sugar_cane":2,"clutter:pig_plushie":1,"minecraft:bread":35,"amethyst_imbuement:xp_bush_seed":2,"minecraft:bone_meal":45,"minecraft:experience_bottle":9,"minecraft:stone_sword":73,"fallenwizardsmod:dark_fire_staff":1,"forcemaster_rpg:golden_knuckle":14,"minecraft:spruce_planks":125,"minecraft:oak_door":1,"regions_unexplored:maple_planks":6,"minecraft:torch":46,"minecraft:dirt":118,"fallenwizardsmod:dark_fire_wizard_armor_t2_legs":2,"minecraft:granite":1,"minecraft:bookshelf":21,"minecraft:iron_axe":199,"minecraft:oak_stairs":85,"travelersbackpack:squid":2,"minecraft:cooked_beef":4,"minecraft:cobbled_deepslate":61,"minecraft:cooked_mutton":6,"battlemages:iron_fire_flamberge":50,"minecraft:bundle":1,"minecraft:crafting_table":15,"minecraft:white_bed":1,"croptopia:sweetpotato":2,"minecraft:spruce_log":14,"minecraft:oak_log":68,"minecraft:diamond_pickaxe":1025,"minecraft:apple":18,"soulsweapons:holy_greatsword":10,"minecraft:diamond_shovel":803,"minecraft:iron_pickaxe":91,"travelersbackpack:white_sleeping_bag":4,"minecraft:spruce_trapdoor":4,"minecraft:stone_axe":322,"minecraft:cobblestone":93,"minecraft:porkchop":6,"minecraft:bucket":5},"minecraft:broken":{"magistuarmory:rustedcrusader_boots":1,"minecraft:stone_pickaxe":2,"immersive_armors:divine_leggings":1,"minecraft:stone_axe":1,"minecraft:iron_axe":1,"minecraft:leather_boots":1,"immersive_armors:divine_helmet":1},"minecraft:mined":{"croptopia:bellpepper_crop":2,"croptopia:pepper_crop":1,"minecraft:spruce_planks":1,"regions_unexplored:dead_pine_shrub":1,"croptopia:greenbean_crop":1,"regions_unexplored:maple_planks":5,"mythicupgrades:topaz_crystal_block":5,"regions_unexplored:maple_log":3,"mythicmetals:deepslate_morkite_ore":19,"extensivediamonds:deepslate_dark_diamond_ore":14,"minecraft:spruce_trapdoor":1,"minecraft:granite":29,"minecraft:grass_block":428,"crystals_overhauled:celestite_ore":4,"clutter:pig_plushie":1,"minecraft:tall_seagrass":4,"minecraft:magma_block":1,"extensivediamonds:deepslate_green_diamond_ore":19,"minecraft:iron_ore":17,"minecraft:cobbled_deepslate":1,"minecraft:fire":96,"geode_plus:budding_diamond":5,"regions_unexplored:mossy_stone":1,"crystals_overhauled:malachite_ore":5,"minecraft:deepslate_lapis_ore":6,"regions_unexplored:pine_leaves":2,"regions_unexplored:maple_leaf_pile":1,"minecraft:dirt_path":2,"minecraft:oak_stairs":36,"regions_unexplored:white_snowbelle":1,"amethyst_imbuement:experience_bush":2,"minecraft:player_head":2,"archers:archers_workbench":1,"minecraft:deepslate_redstone_ore":23,"minecraft:powder_snow":34,"expores:deepslate_experience_ore":11,"things:deepslate_gleaming_ore":6,"crystals_overhauled:saphire_ore":1,"minecraft:calcite":10,"minecraft:poppy":10,"mythicmetals:deepslate_carmot_ore":2,"minecraft:chest":2,"expores:experience_ore":6,"croptopia:broccoli_crop":1,"minecraft:cobblestone":29,"minecraft:sugar_cane":17,"minecraft:oak_planks":94,"extensivediamonds:deepslate_red_diamond_ore":69,"minecraft:amethyst_block":40,"regions_unexplored:pine_log":5,"minecraft:seagrass":8,"mythicmetals:aquarium_ore":8,"minecraft:magenta_bed":1,"croptopia:chile_pepper_crop":1,"mythicupgrades:peridot_crystal_block":4,"minecraft:grass":332,"minecraft:oak_log":272,"minecraft:sand":50,"minecraft:dirt":239,"mythicmetals:morkite_ore":6,"darkblades:dark_ore":20,"minecraft:smooth_basalt":15,"minecraft:netherrack":91,"minecraft:oak_leaves":38,"minecraft:deepslate":454,"soulsweapons:verglas_ore":1,"croptopia:cabbage_crop":2,"minecraft:tuff":19,"minecraft:deepslate_diamond_ore":8,"croptopia:kale_crop":1,"mythicmetals:calcite_kyber_ore":2,"mythicmetals:osmium_ore":1,"minecraft:dark_oak_log":2,"minecraft:ladder":3,"minecraft:decorated_pot":1,"travelersbackpack:white_sleeping_bag":4,"minecraft:spruce_leaves":12,"mythicmetals:quadrillum_ore":4,"mythicupgrades:peridot_crystal_cluster":3,"minecraft:furnace":2,"croptopia:corn_crop":1,"minecraft:andesite":14,"minecraft:stripped_spruce_log":2,"mythicmetals:deepslate_mythril_ore":5,"regions_unexplored:frozen_grass":5,"soulsweapons:moonstone_ore_deepslate":3,"crystals_overhauled:citrine_ore":7,"minecraft:bookshelf":21,"minecraft:deepslate_iron_ore":1,"regions_unexplored:medium_grass":3,"minecraft:stone":260,"minecraft:white_wool":20,"mythicmetals:platinum_ore":3,"minecraft:glass_pane":3,"geode_plus:small_diamond_bud":1,"regions_unexplored:silver_birch_leaf_pile":1,"minecraft:snow_block":10,"geode_plus:redstone_crystal":3,"minecraft:dandelion":22,"croptopia:sweetpotato_crop":3,"minecraft:crafting_table":7,"crystals_overhauled:rhodochrosite_ore":4,"minecraft:emerald_ore":1,"minecraft:tall_grass":51,"minecraft:copper_ore":10,"witcher_rpg:meteorite_ore":2,"minecraft:deepslate_gold_ore":1,"minecraft:lapis_ore":5,"minecraft:diorite":30,"travelersbackpack:squid":1,"minecraft:birch_planks":1,"witcher_rpg:deepslate_silver_ore":1,"jewelry:deepslate_gem_vein":1,"spell_engine:spell_binding":2,"minecraft:spruce_log":63,"geode_plus:large_redstone_bud":1,"minecraft:coal_ore":127,"minecraft:gravel":36,"mythicmetals:banglum_ore":2},"minecraft:killed":{"minecraft:spider":3,"minecraft:skeleton":8,"minecraft:pig":1,"minecraft:creeper":2,"minecraft:sheep":13,"minecraft:pillager":17,"minecraft:zombie":13,"minecraft:cow":4,"soulsweapons:dark_sorcerer":2,"minecraft:squid":2,"minecraft:player":3},"minecraft:picked_up":{"minecraft:creeper_head":1,"rogues:iron_glaive":1,"croptopia:broccoli":3,"minecraft:oak_stairs":36,"soulsweapons:moonstone":3,"minecraft:enchanted_book":5,"amethyst_imbuement:xp_bush_seed":2,"regions_unexplored:maple_planks":11,"amethyst_imbuement:empty_spell_scroll":4,"minecraft:amethyst_block":40,"mythicmetals:raw_aquarium":11,"minecraft:experience_bottle":9,"minecraft:zombie_head":13,"minecraft:beetroot":1,"regions_unexplored:pine_log":6,"minecraft:cobbled_deepslate":253,"minecraft:spruce_planks":1,"perfectplushies:dolphin_plushie":1,"crystals_overhauled:rhodochrosite":11,"minecraft:calcite":7,"minecraft:furnace":2,"mythicmetals:raw_carmot":1,"minecraft:stick":65,"croptopia:barley_seed":2,"witcher_rpg:meteorite":3,"minecraft:torch":8,"minecraft:porkchop":7,"soulsweapons:soul_robes_leggings":1,"minecraft:diorite":30,"mythicmetals:morkite":62,"minecraft:stone_sword":2,"minecraft:rotten_flesh":50,"crystals_overhauled:heliodor":6,"minecraft:snowball":85,"minecraft:cobblestone":276,"minecraft:magma_block":1,"magistuarmory:rustedchainmail_boots":2,"croptopia:broccoli_seed":4,"minecraft:andesite":8,"minecraft:potato":16,"minecraft:flint":2,"minecraft:tuff":19,"minecraft:magenta_bed":1,"mythicmetals:carmot_staff_smithing_template":4,"mythicmetals:raw_platinum":4,"minecraft:lapis_lazuli":67,"minecraft:dirt":687,"biomemakeover:crude_fragment":16,"biomemakeover:crude_cladding":1,"minecraft:leather_boots":1,"minecraft:bone":26,"croptopia:sweetpotato":2,"minecraft:bow":7,"minecraft:wheat_seeds":78,"extensivediamonds:red_diamond":128,"minecraft:raw_gold":1,"crystals_overhauled:citrine":8,"clutter:pig_plushie":1,"minecraft:oak_planks":93,"travelersbackpack:squid":1,"regions_unexplored:pine_sapling":1,"minecraft:sand":41,"mythicmetals:raw_quadrillum":6,"croptopia:oat":2,"minecraft:ink_sac":5,"minecraft:orange_wool":2,"travelersbackpack:white_sleeping_bag":5,"clutter:copper_coin":8,"minecraft:diamond":17,"magistuarmory:corruptedroundshield":1,"minecraft:granite":6,"minecraft:emerald":17,"minecraft:bread":20,"minecraft:oak_sapling":31,"minecraft:netherrack":89,"minecraft:crafting_table":8,"things:gleaming_powder":7,"minecraft:ladder":9,"croptopia:peach":16,"croptopia:sweetpotato_seed":3,"minecraft:wooden_pickaxe":1,"minecraft:shield":1,"minecraft:blackstone":2,"crystals_overhauled:malachite":11,"minecraft:beef":4,"croptopia:pepper_seed":8,"minecraft:player_head":4,"minecraft:poppy":10,"mythicmetals:raw_mythril":5,"minecraft:sugar_cane":81,"minecraft:chest":2,"minecraft:spruce_trapdoor":1,"minecraft:egg":1,"minecraft:raw_iron":18,"minecraft:oak_door":2,"immersive_melodies:tiny_drum":1,"runes:fire_stone":3,"jewelry:jade":1,"minecraft:carrot":9,"crystals_overhauled:saphire":3,"minecraft:redstone":76,"archers:archers_workbench":2,"minecraft:arrow":20,"spell_engine:spell_binding":2,"minecraft:gold_ingot":8,"croptopia:pepper":1,"minecraft:mutton":10,"minecraft:skeleton_skull":10,"minecraft:white_wool":35,"minecraft:glow_ink_sac":5,"mythicmetals:raw_banglum":3,"croptopia:glowing_calamari":4,"minecraft:music_disc_stal":1,"minecraft:red_mushroom":2,"battlemages:iron_fire_flamberge":1,"minecraft:birch_planks":2,"witcher_rpg:silver_witcher_sword":1,"minecraft:oak_log":272,"minecraft:golden_boots":1,"minecraft:gunpowder":2,"extensivediamonds:green_diamond":22,"minecraft:cooked_mutton":4,"amethyst_imbuement:glistering_tome":1,"minecraft:apple":20,"croptopia:barley":2,"minecraft:iron_ingot":16,"mythicupgrades:peridot_crystal_block":8,"darkblades:dark_dust":36,"minecraft:soul_sand":1,"minecraft:book":63,"minecraft:smooth_basalt":10,"extensivediamonds:dark_diamond":14,"minecraft:dandelion":26,"minecraft:gravel":34,"minecraft:spruce_sapling":3,"minecraft:spruce_log":61,"minecraft:spider_eye":16,"minecraft:archer_pottery_sherd":4,"minecraft:firework_rocket":2,"mythicupgrades:peridot_crystal_shard":12,"magistuarmory:rustedcrusader_boots":1,"croptopia:orange":6,"croptopia:greenbean":1,"regions_unexplored:maple_log":3,"mythicmetals:carmot_stone":1,"minecraft:coal":143,"crystals_overhauled:celestite":5}},"DataVersion":3465}