{"stats":{"minecraft:dropped":{"minecraft:porkchop":1,"minecraft:lapis_lazuli":14,"minecraft:glow_ink_sac":5,"minecraft:crafting_table":1,"perfectplushies:dolphin_plushie":1,"biomemakeover:crude_fragment":6,"minecraft:archer_pottery_sherd":4,"regions_unexplored:maple_planks":9,"minecraft:red_mushroom":2,"minecraft:emerald":1,"rogues:iron_glaive":1,"minecraft:dirt":161,"minecraft:mutton":2,"magistuarmory:rusted_bastardsword":1,"croptopia:pepper":1,"minecraft:snowball":85,"things:socks":1,"minecraft:sand":3,"minecraft:iron_pickaxe":1,"minecraft:white_wool":5,"minecraft:bone":8,"minecraft:gravel":7,"minecraft:beetroot":1,"minecraft:oak_planks":3,"minecraft:carrot":2,"battlemages:iron_fire_flamberge":2,"minecraft:skeleton_skull":9,"croptopia:broccoli_seed":2,"minecraft:leather_boots":1,"minecraft:ladder":9,"magistuarmory:rustedchainmail_boots":2,"minecraft:netherrack":1,"fallenwizardsmod:dark_fire_staff":1,"minecraft:egg":1,"perfectplushies:dumbo_blob_plushie":2,"minecraft:golden_boots":1,"minecraft:bread":7,"minecraft:wheat_seeds":51,"clutter:copper_coin":16,"minecraft:cobblestone":15,"minecraft:apple":11,"minecraft:granite":12,"minecraft:copper_ingot":1,"immersive_armors:robe_chestplate":1,"minecraft:coal":4,"minecraft:stick":13,"magistuarmory:rustedcrusader_boots":1,"minecraft:diorite":2,"minecraft:ink_sac":1,"minecraft:torch":8,"minecraft:wooden_axe":1,"minecraft:zombie_head":16,"minecraft:iron_shovel":1,"minecraft:spruce_sapling":1,"minecraft:dandelion":1,"croptopia:glowing_calamari":4,"minecraft:smooth_basalt":1,"immersive_armors:robe_boots":1,"runes:fire_stone":3,"croptopia:oat":2,"minecraft:creeper_head":1,"minecraft:kelp":1,"regions_unexplored:pine_planks":3,"minecraft:coarse_dirt":4,"minecraft:stone_sword":2,"perfectbirbs:peacock_plushie":1,"minecraft:orange_wool":2,"perfectplushies:robin_plushie":1,"minecraft:filled_map":1,"minecraft:potato":12,"minecraft:shield":1,"minecraft:spruce_trapdoor":1,"minecraft:spruce_planks":4,"minecraft:bundle":1,"minecraft:andesite":6,"minecraft:oak_sapling":3,"immersive_armors:robe_leggings":1,"minecraft:bow":4,"minecraft:stone_pickaxe":1,"croptopia:pepper_seed":4,"perfectplushies:capybara_plushie":1},"minecraft:crafted":{"minecraft:oak_planks":932,"fallenwizardsmod:dark_fire_wizard_armor_t2_head":1,"regions_unexplored:maple_planks":24,"minecraft:blaze_powder":10,"minecraft:diamond_shovel":2,"minecraft:bookshelf":42,"minecraft:nether_brick":132,"elemental_metals:fire_infused_iron_nugget":18,"minecraft:cooked_mutton":6,"rogues:iron_glaive":1,"minecraft:glass":36,"runes:healing_stone":2,"druids:shard_fire":1,"fallenwizardsmod:dark_fire_wizard_armor_t2_chest":2,"minecraft:chest":7,"regions_unexplored:maple_door":6,"travelersbackpack:iron_tier_upgrade":1,"minecraft:crafting_table":9,"minecraft:spruce_planks":224,"travelersbackpack:standard":2,"minecraft:wooden_pickaxe":2,"runes:fire_stone":376,"minecraft:smithing_table":1,"elemental_metals:fire_infused_iron_ingot":10,"minecraft:blaze_rod":9,"minecraft:spruce_trapdoor":6,"fallenwizardsmod:dark_fire_wizard_armor_t2_legs":2,"minecraft:book":50,"minecraft:paper":156,"minecraft:diamond_pickaxe":4,"minecraft:yellow_dye":37,"minecraft:stick":88,"minecraft:iron_ingot":50,"minecraft:iron_pickaxe":2,"minecraft:stone_sword":1,"minecraft:gold_ingot":6,"wizards:wand_fire":1,"minecraft:coarse_dirt":8,"minecraft:oak_door":6,"minecraft:furnace":4,"soulsweapons:holy_greatsword":1,"minecraft:bone_meal":51,"travelersbackpack:blank_upgrade":8,"travelersbackpack:gold_tier_upgrade":2,"minecraft:orange_wool":28,"travelersbackpack:white_sleeping_bag":1,"minecraft:polished_diorite":8,"minecraft:leather":47,"minecraft:iron_axe":1,"minecraft:ladder":24,"battlemages:iron_fire_flamberge":1,"minecraft:stone_pickaxe":4,"minecraft:cooked_beef":4,"minecraft:red_dye":20,"minecraft:brown_mushroom":4,"minecraft:amethyst_shard":12,"fallenwizardsmod:dark_fire_wizard_armor_t2_feet":2,"travelersbackpack:backpack_tank":8,"minecraft:iron_sword":1,"minecraft:bucket":2,"minecraft:stone_axe":5,"minecraft:orange_dye":40,"minecraft:air":0,"travelersbackpack:squid":4,"regions_unexplored:pine_planks":20,"minecraft:gold_nugget":9,"crystals_overhauled:rhodochrosite_pickaxe":2,"minecraft:blackstone":9,"minecraft:oak_stairs":104,"minecraft:wooden_axe":1,"fallenwizardsmod:dark_fire_staff":1,"minecraft:white_bed":1,"spell_engine:spell_binding":2,"minecraft:torch":52,"minecraft:soul_sand":1},"minecraft:custom":{"lootr:looted_stat":45,"minecraft:interact_with_crafting_table":106,"minecraft:open_barrel":2,"minecraft:bell_ring":57,"minecraft:leave_game":9,"minecraft:time_since_death":25522,"minecraft:sprint_one_cm":1390684,"minecraft:damage_blocked_by_shield":220,"minecraft:drop":163,"minecraft:talked_to_villager":9,"minecraft:play_time":620436,"minecraft:deaths":36,"minecraft:jump":14080,"minecraft:walk_on_water_one_cm":4874,"minecraft:interact_with_furnace":67,"minecraft:sleep_in_bed":19,"minecraft:damage_dealt":10173,"minecraft:player_kills":3,"minecraft:crouch_one_cm":81322,"minecraft:interact_with_smithing_table":7,"minecraft:mob_kills":95,"minecraft:damage_dealt_resisted":9140,"minecraft:climb_one_cm":47841,"minecraft:walk_one_cm":1116453,"minecraft:damage_dealt_absorbed":6102,"minecraft:sneak_time":27231,"minecraft:walk_under_water_one_cm":1046,"minecraft:interact_with_lectern":2,"minecraft:total_world_time":620436,"minecraft:hex":0,"minecraft:time_since_rest":19476,"minecraft:damage_absorbed":2781,"minecraft:damage_taken":25818,"minecraft:swim_one_cm":1337,"minecraft:fly_one_cm":2917958,"minecraft:open_chest":195,"minecraft:threat":35,"minecraft:fall_one_cm":523636},"minecraft:killed_by":{"minecraft:creeper":4,"minecraft:pillager":2,"minecraft:witch":1,"minecraft:zombie":7,"minecraft:player":5,"minecraft:spider":7,"minecraft:enderman":1,"minecraft:iron_golem":1,"minecraft:skeleton":4,"minecraft:guardian":2},"minecraft:used":{"darkbread:gold_bread":6,"regions_unexplored:maple_door":1,"minecraft:ladder":12,"minecraft:chest":6,"minecraft:shield":5,"darkbread:ender_bread":9,"minecraft:mutton":2,"minecraft:carrot":4,"minecraft:tuff":2,"crystals_overhauled:rhodochrosite_pickaxe":157,"witcher_rpg:silver_witcher_sword":10,"croptopia:peach":12,"minecraft:written_book":5,"minecraft:furnace":4,"rogues:iron_glaive":235,"magistuarmory:rusted_bastardsword":1,"minecraft:potato":2,"minecraft:stone_pickaxe":371,"minecraft:oak_planks":635,"minecraft:wooden_pickaxe":18,"minecraft:sandstone":18,"spell_engine:spell_binding":3,"minecraft:sugar_cane":2,"clutter:pig_plushie":1,"minecraft:crossbow":1,"minecraft:bread":38,"amethyst_imbuement:xp_bush_seed":2,"minecraft:smithing_table":2,"minecraft:bone_meal":45,"minecraft:experience_bottle":9,"minecraft:trident":4,"minecraft:stone_sword":73,"fallenwizardsmod:dark_fire_staff":5,"forcemaster_rpg:golden_knuckle":14,"minecraft:spruce_planks":125,"minecraft:oak_door":1,"regions_unexplored:maple_planks":6,"minecraft:torch":51,"minecraft:dirt":144,"minecraft:anvil":1,"darkbread:redstone_bread":2,"fallenwizardsmod:dark_fire_wizard_armor_t2_legs":2,"minecraft:granite":4,"minecraft:bookshelf":21,"minecraft:iron_axe":199,"minecraft:oak_stairs":85,"travelersbackpack:squid":2,"minecraft:cooked_beef":4,"minecraft:cobbled_deepslate":61,"minecraft:cooked_mutton":10,"minecraft:water_bucket":3,"battlemages:iron_fire_flamberge":52,"minecraft:bundle":1,"minecraft:crafting_table":15,"minecraft:white_bed":1,"croptopia:sweetpotato":2,"minecraft:spruce_log":14,"minecraft:oak_log":68,"minecraft:diamond_pickaxe":2056,"soulsweapons:holy_greatsword":10,"minecraft:apple":18,"minecraft:diamond_shovel":822,"minecraft:iron_pickaxe":91,"travelersbackpack:white_sleeping_bag":4,"minecraft:spruce_trapdoor":4,"minecraft:stone_axe":323,"minecraft:cobblestone":149,"minecraft:porkchop":6,"minecraft:bucket":14},"minecraft:broken":{"magistuarmory:rustedcrusader_boots":1,"minecraft:stone_pickaxe":2,"immersive_armors:divine_leggings":1,"minecraft:diamond_pickaxe":1,"minecraft:stone_axe":1,"minecraft:iron_axe":1,"minecraft:leather_boots":1,"immersive_armors:divine_helmet":1},"minecraft:mined":{"croptopia:bellpepper_crop":2,"croptopia:pepper_crop":1,"minecraft:spruce_planks":1,"regions_unexplored:dead_pine_shrub":1,"croptopia:greenbean_crop":1,"regions_unexplored:maple_planks":5,"regions_unexplored:maple_log":3,"mythicupgrades:topaz_crystal_block":5,"mythicmetals:deepslate_morkite_ore":21,"extensivediamonds:deepslate_dark_diamond_ore":14,"minecraft:spruce_trapdoor":1,"minecraft:granite":44,"minecraft:grass_block":428,"crystals_overhauled:celestite_ore":4,"clutter:pig_plushie":1,"minecraft:tall_seagrass":12,"minecraft:magma_block":2,"extensivediamonds:deepslate_green_diamond_ore":19,"minecraft:iron_ore":166,"minecraft:cobbled_deepslate":1,"minecraft:fire":108,"geode_plus:budding_diamond":5,"crystals_overhauled:malachite_ore":5,"regions_unexplored:mossy_stone":1,"minecraft:anvil":1,"minecraft:deepslate_lapis_ore":6,"regions_unexplored:pine_leaves":2,"regions_unexplored:maple_leaf_pile":1,"minecraft:dirt_path":2,"minecraft:oak_stairs":36,"regions_unexplored:white_snowbelle":1,"amethyst_imbuement:experience_bush":2,"minecraft:player_head":2,"archers:archers_workbench":1,"minecraft:deepslate_redstone_ore":32,"soulsweapons:verglas_ore_deepslate":1,"minecraft:kelp_plant":10,"minecraft:powder_snow":34,"expores:deepslate_experience_ore":11,"things:deepslate_gleaming_ore":6,"crystals_overhauled:saphire_ore":1,"minecraft:calcite":10,"minecraft:poppy":10,"mythicmetals:deepslate_carmot_ore":2,"minecraft:chest":2,"expores:experience_ore":24,"minecraft:cobblestone":29,"croptopia:broccoli_crop":1,"minecraft:oak_planks":94,"minecraft:sugar_cane":17,"minecraft:wall_torch":1,"extensivediamonds:deepslate_red_diamond_ore":69,"regions_unexplored:pine_log":5,"minecraft:amethyst_block":40,"minecraft:deepslate_copper_ore":2,"minecraft:seagrass":9,"mythicmetals:manganese_ore":1,"mythicmetals:aquarium_ore":8,"minecraft:magenta_bed":1,"croptopia:chile_pepper_crop":1,"mythicupgrades:peridot_crystal_block":4,"minecraft:grass":333,"minecraft:oak_log":272,"minecraft:sand":55,"minecraft:dirt":239,"mythicmetals:morkite_ore":6,"darkblades:dark_ore":20,"minecraft:smooth_basalt":15,"minecraft:netherrack":172,"minecraft:oak_leaves":38,"minecraft:deepslate":533,"soulsweapons:verglas_ore":3,"minecraft:suspicious_gravel":1,"croptopia:cabbage_crop":2,"minecraft:tuff":20,"minecraft:deepslate_diamond_ore":8,"croptopia:kale_crop":1,"mythicmetals:calcite_kyber_ore":2,"mythicmetals:osmium_ore":1,"minecraft:dark_oak_log":2,"minecraft:ladder":3,"mythicmetals:silver_ore":2,"minecraft:decorated_pot":1,"travelersbackpack:white_sleeping_bag":4,"minecraft:spruce_leaves":12,"minecraft:kelp":5,"minecraft:sandstone":18,"mythicmetals:quadrillum_ore":5,"mythicupgrades:peridot_crystal_cluster":3,"minecraft:furnace":2,"croptopia:corn_crop":1,"minecraft:andesite":18,"minecraft:stripped_spruce_log":2,"mythicmetals:deepslate_mythril_ore":9,"regions_unexplored:frozen_grass":5,"soulsweapons:moonstone_ore_deepslate":3,"crystals_overhauled:citrine_ore":11,"minecraft:bookshelf":21,"minecraft:deepslate_iron_ore":10,"regions_unexplored:medium_grass":3,"minecraft:stone":386,"minecraft:white_wool":20,"minecraft:smithing_table":1,"mythicmetals:platinum_ore":3,"minecraft:glass_pane":3,"geode_plus:small_diamond_bud":1,"regions_unexplored:silver_birch_leaf_pile":1,"minecraft:snow_block":10,"minecraft:dandelion":22,"geode_plus:redstone_crystal":3,"croptopia:sweetpotato_crop":3,"minecraft:crafting_table":7,"crystals_overhauled:rhodochrosite_ore":4,"minecraft:emerald_ore":1,"minecraft:copper_ore":233,"minecraft:tall_grass":52,"witcher_rpg:meteorite_ore":2,"minecraft:lapis_ore":9,"minecraft:deepslate_gold_ore":5,"minecraft:diorite":42,"travelersbackpack:squid":1,"minecraft:birch_planks":1,"witcher_rpg:deepslate_silver_ore":1,"jewelry:deepslate_gem_vein":1,"spell_engine:spell_binding":2,"minecraft:spruce_log":63,"geode_plus:large_redstone_bud":1,"minecraft:coal_ore":476,"minecraft:gravel":50,"minecraft:gold_ore":13,"mythicmetals:banglum_ore":3},"minecraft:killed":{"minecraft:spider":3,"minecraft:skeleton":10,"minecraft:guardian":6,"minecraft:pig":1,"minecraft:creeper":4,"minecraft:sheep":13,"minecraft:pillager":20,"minecraft:zombie":19,"minecraft:cow":4,"soulsweapons:dark_sorcerer":2,"minecraft:bat":1,"minecraft:squid":2,"minecraft:player":3},"minecraft:picked_up":{"minecraft:wooden_axe":1,"minecraft:creeper_head":1,"minecraft:anvil":1,"minecraft:smithing_table":1,"croptopia:broccoli":3,"rogues:iron_glaive":1,"minecraft:oak_stairs":36,"soulsweapons:moonstone":3,"minecraft:enchanted_book":5,"amethyst_imbuement:xp_bush_seed":2,"regions_unexplored:maple_planks":11,"amethyst_imbuement:empty_spell_scroll":4,"minecraft:amethyst_block":40,"minecraft:raw_copper":442,"mythicmetals:raw_aquarium":11,"minecraft:experience_bottle":9,"minecraft:zombie_head":22,"minecraft:beetroot":1,"regions_unexplored:pine_log":6,"minecraft:cobbled_deepslate":317,"minecraft:spruce_planks":1,"perfectplushies:dolphin_plushie":1,"crystals_overhauled:rhodochrosite":14,"minecraft:calcite":7,"minecraft:furnace":2,"minecraft:stick":65,"mythicmetals:raw_carmot":1,"croptopia:barley_seed":2,"witcher_rpg:meteorite":3,"minecraft:torch":9,"minecraft:porkchop":7,"soulsweapons:soul_robes_leggings":1,"minecraft:diorite":32,"mythicmetals:morkite":68,"minecraft:stone_sword":2,"minecraft:rotten_flesh":70,"mythicmetals:raw_manganese":2,"crystals_overhauled:heliodor":6,"minecraft:snowball":85,"minecraft:cobblestone":362,"minecraft:magma_block":1,"magistuarmory:rustedchainmail_boots":2,"croptopia:broccoli_seed":4,"minecraft:andesite":9,"minecraft:golden_leggings":1,"minecraft:potato":18,"things:socks":1,"minecraft:flint":3,"minecraft:tuff":19,"minecraft:magenta_bed":1,"mythicmetals:raw_platinum":4,"minecraft:lapis_lazuli":120,"mythicmetals:carmot_staff_smithing_template":4,"minecraft:dirt":687,"biomemakeover:crude_fragment":16,"biomemakeover:crude_cladding":1,"minecraft:leather_boots":1,"minecraft:bone":28,"croptopia:sweetpotato":2,"minecraft:bow":7,"minecraft:wheat_seeds":78,"extensivediamonds:red_diamond":128,"minecraft:raw_gold":19,"crystals_overhauled:citrine":14,"clutter:pig_plushie":1,"mythicmetals:raw_silver":2,"minecraft:oak_planks":93,"travelersbackpack:squid":1,"regions_unexplored:pine_sapling":1,"minecraft:sand":48,"mythicmetals:raw_quadrillum":6,"croptopia:oat":2,"minecraft:ink_sac":5,"minecraft:orange_wool":2,"travelersbackpack:white_sleeping_bag":5,"clutter:copper_coin":8,"minecraft:diamond":25,"magistuarmory:corruptedroundshield":1,"minecraft:granite":19,"soulsweapons:verglas":3,"minecraft:emerald":19,"minecraft:bread":20,"minecraft:oak_sapling":31,"minecraft:netherrack":150,"minecraft:crafting_table":8,"things:gleaming_powder":7,"minecraft:ladder":9,"croptopia:peach":16,"croptopia:sweetpotato_seed":3,"minecraft:wooden_pickaxe":1,"minecraft:shield":3,"minecraft:blackstone":2,"crystals_overhauled:malachite":11,"minecraft:beef":4,"minecraft:player_head":4,"croptopia:pepper_seed":8,"minecraft:poppy":10,"mythicmetals:raw_mythril":10,"minecraft:sugar_cane":81,"minecraft:chest":2,"minecraft:spruce_trapdoor":1,"minecraft:egg":1,"minecraft:raw_iron":172,"minecraft:sandstone":18,"minecraft:oak_door":2,"immersive_melodies:tiny_drum":1,"runes:fire_stone":3,"jewelry:jade":1,"crystals_overhauled:saphire":3,"minecraft:carrot":12,"minecraft:redstone":117,"archers:archers_workbench":2,"minecraft:arrow":20,"spell_engine:spell_binding":2,"minecraft:gold_ingot":8,"croptopia:pepper":1,"minecraft:mutton":10,"minecraft:skeleton_skull":10,"minecraft:white_wool":35,"minecraft:glow_ink_sac":5,"mythicmetals:raw_banglum":3,"croptopia:glowing_calamari":4,"minecraft:music_disc_stal":1,"minecraft:red_mushroom":2,"battlemages:iron_fire_flamberge":2,"minecraft:birch_planks":2,"witcher_rpg:silver_witcher_sword":1,"minecraft:oak_log":272,"minecraft:golden_boots":1,"minecraft:gunpowder":2,"extensivediamonds:green_diamond":22,"minecraft:cooked_mutton":4,"amethyst_imbuement:glistering_tome":1,"croptopia:barley":2,"minecraft:apple":20,"minecraft:kelp":1,"minecraft:iron_ingot":20,"mythicupgrades:peridot_crystal_block":8,"darkblades:dark_dust":36,"minecraft:soul_sand":1,"minecraft:book":63,"minecraft:smooth_basalt":10,"extensivediamonds:dark_diamond":14,"minecraft:dandelion":26,"minecraft:gravel":45,"minecraft:spruce_sapling":3,"minecraft:spruce_log":61,"minecraft:spider_eye":16,"minecraft:archer_pottery_sherd":4,"minecraft:firework_rocket":5,"mythicupgrades:peridot_crystal_shard":12,"fallenwizardsmod:dark_fire_staff":1,"magistuarmory:rusted_bastardsword":1,"magistuarmory:rustedcrusader_boots":3,"croptopia:orange":6,"croptopia:greenbean":1,"regions_unexplored:maple_log":3,"mythicmetals:carmot_stone":1,"crystals_overhauled:celestite":5,"minecraft:coal":326}},"DataVersion":3465}