{"stats":{"minecraft:dropped":{"minecraft:spruce_sign":2,"amethyst_imbuement:smoky_quartz":2,"minecraft:moss_block":7,"minecraft:lapis_lazuli":50,"minecraft:ender_pearl":1,"perfectplushies:dolphin_plushie":1,"perfectplushies:panda_plushie":2,"minecraft:saddle":1,"regions_unexplored:maple_planks":8,"minecraft:flint":4,"minecraft:emerald":3,"regions_unexplored:red_maple_leaf_pile":2,"minecraft:dirt":91,"clutter:pig_plushie":2,"archers:composite_longbow":1,"immersive_armors:heavy_boots":2,"minecraft:snowball":167,"minecraft:chain":2,"minecraft:bone_meal":21,"minecraft:sand":5,"magistuarmory:corruptedroundshield":1,"simplyswords:iron_sai":2,"minecraft:bone":16,"lootr:trophy":1,"minecraft:cobbled_deepslate":96,"minecraft:wheat":13,"minecraft:rotten_flesh":9,"beautify:hanging_pot":2,"minecraft:carrot":1,"patchouli:guide_book":3,"perfectbirbs:crow_plushie":2,"perfectplushies:rubber_duck_plushie":3,"minecraft:deepslate_tiles":3,"minecraft:gunpowder":2,"minecraft:skeleton_skull":3,"minecraft:leather_boots":2,"minecraft:arrow":10,"perfectbirbs:toucan_plushie":1,"minecraft:firework_rocket":7,"perfectplushies:dumbo_blob_plushie":1,"minecraft:enchanted_book":5,"amethyst_imbuement:glistering_tome":2,"minecraft:iron_ingot":11,"minecraft:bread":7,"minecraft:wheat_seeds":13,"clutter:copper_coin":44,"amethyst_imbuement:steel_ingot":1,"minecraft:cobblestone":77,"minecraft:lead":1,"minecraft:apple":9,"minecraft:granite":28,"minecraft:copper_ingot":3,"graveyard:bone_dagger":1,"minecraft:coal":17,"minecraft:stick":24,"regions_unexplored:red_maple_sapling":1,"minecraft:deepslate_brick_stairs":2,"perfectbirbs:sparrow_plushie":1,"minecraft:diorite":64,"minecraft:torch":1,"minecraft:wooden_axe":2,"minecraft:zombie_head":3,"minecraft:iron_leggings":1,"regions_unexplored:silver_birch_leaf_pile":3,"mythicupgrades:aquamarine_crystal_block":3,"minecraft:string":11,"minecraft:smooth_basalt":8,"minecraft:redstone":11,"nyfsbp:moon_banner_pattern":1,"graveyard:dark_iron_door":1,"minecraft:player_head":1,"minecraft:stone_sword":3,"minecraft:raw_copper":23,"minecraft:bowl":2,"minecraft:tuff":1,"croptopia:cucumber_seed":1,"minecraft:polished_deepslate_slab":1,"minecraft:iron_boots":1,"minecraft:light_gray_wool":1,"minecraft:clay_ball":28,"minecraft:iron_hoe":1,"minecraft:name_tag":2,"darkblades:dark_dust":46,"perfectplushies:robin_plushie":1,"minecraft:deepslate_bricks":4,"minecraft:potato":1,"minecraft:shield":2,"regions_unexplored:white_snowbelle":1,"minecraft:bundle":1,"minecraft:andesite":19,"minecraft:blue_ice":6,"mythicupgrades:peridot_crystal_block":6,"minecraft:wooden_shovel":1,"rogues:iron_dagger":1,"perfectplushies:dog_plushie":1,"minecraft:cracked_deepslate_bricks":2,"minecraft:calcite":6},"minecraft:crafted":{"regions_unexplored:maple_planks":124,"minecraft:cooked_mutton":8,"minecraft:iron_boots":2,"minecraft:chest":4,"minecraft:wooden_shovel":2,"minecraft:cooked_porkchop":8,"minecraft:crafting_table":5,"minecraft:spruce_planks":8,"minecraft:wooden_pickaxe":2,"minecraft:diamond_pickaxe":2,"minecraft:stick":24,"clutter:silver_coin":2,"minecraft:furnace":2,"graveyard:dark_iron_ingot":27,"minecraft:iron_axe":2,"minecraft:diamond_sword":6,"extensivediamonds:fused_diamond_sword":1,"minecraft:bucket":2,"regions_unexplored:maple_boat":2,"minecraft:air":0,"regions_unexplored:pine_planks":124,"minecraft:wooden_axe":2,"minecraft:iron_leggings":2},"minecraft:custom":{"lootr:looted_stat":113,"minecraft:interact_with_crafting_table":30,"minecraft:open_barrel":2,"minecraft:bell_ring":1,"minecraft:leave_game":3,"minecraft:time_since_death":2207,"minecraft:sprint_one_cm":690933,"minecraft:drop":175,"minecraft:talked_to_villager":3,"minecraft:play_time":318349,"minecraft:deaths":26,"minecraft:jump":4293,"minecraft:walk_on_water_one_cm":36066,"minecraft:interact_with_furnace":13,"minecraft:interact_with_loom":2,"minecraft:sleep_in_bed":4,"minecraft:damage_dealt":35365,"minecraft:player_kills":2,"minecraft:crouch_one_cm":36290,"minecraft:interact_with_smoker":8,"minecraft:interact_with_smithing_table":1,"minecraft:mob_kills":166,"minecraft:damage_dealt_resisted":9502,"minecraft:climb_one_cm":7469,"minecraft:walk_one_cm":692274,"minecraft:damage_dealt_absorbed":6968,"minecraft:sneak_time":12742,"minecraft:walk_under_water_one_cm":13738,"minecraft:boat_one_cm":17542,"minecraft:interact_with_lectern":1,"minecraft:interact_with_blast_furnace":3,"minecraft:total_world_time":318349,"minecraft:interact_with_grindstone":1,"minecraft:hex":0,"minecraft:time_since_rest":2232,"minecraft:damage_taken":14996,"minecraft:damage_absorbed":9317,"minecraft:swim_one_cm":21015,"minecraft:fly_one_cm":836598,"minecraft:open_chest":17,"minecraft:fall_one_cm":129780},"minecraft:killed_by":{"minecraft:creeper":4,"minecraft:pillager":2,"minecraft:drowned":1,"minecraft:vindicator":11,"minecraft:zombie":3,"minecraft:vex":1,"minecraft:illusioner":1,"minecraft:player":1,"minecraft:skeleton":1},"minecraft:used":{"regions_unexplored:pine_planks":38,"darkbread:gold_bread":2,"minecraft:ladder":1,"minecraft:chest":2,"minecraft:player_head":1,"graveyard:vase_block":1,"minecraft:carrot":15,"minecraft:cracked_deepslate_tiles":1,"minecraft:axolotl_bucket":6,"minecraft:snowball":12,"minecraft:polished_deepslate_stairs":1,"mythicupgrades:aquamarine_crystal_block":1,"mythicupgrades:peridot_crystal_block":1,"minecraft:stone_bricks":1,"minecraft:bow":26,"minecraft:furnace":1,"regions_unexplored:spruce_shrub":1,"minecraft:ender_pearl":5,"minecraft:wooden_pickaxe":4,"travelersbackpack:iron_golem":3,"spell_engine:spell_binding":2,"minecraft:golden_apple":1,"minecraft:glow_berries":1,"minecraft:deepslate_brick_stairs":2,"extensivediamonds:fused_diamond_sword":83,"minecraft:deepslate_tiles":10,"minecraft:bread":29,"minecraft:string":2,"minecraft:diamond_sword":591,"amethyst_imbuement:xp_bush_seed":3,"regions_unexplored:maple_boat":1,"minecraft:experience_bottle":3,"minecraft:iron_bars":2,"minecraft:stone_sword":80,"minecraft:cracked_deepslate_bricks":1,"minecraft:spruce_planks":8,"minecraft:wooden_shovel":19,"regions_unexplored:maple_planks":86,"minecraft:torch":1,"minecraft:dirt":176,"minecraft:wooden_axe":31,"minecraft:iron_axe":42,"minecraft:beetroot_soup":2,"minecraft:cobbled_deepslate_wall":3,"minecraft:cooked_mutton":8,"minecraft:water_bucket":33,"minecraft:bundle":1,"minecraft:polished_andesite":6,"minecraft:deepslate_bricks":5,"minecraft:salmon":1,"minecraft:mossy_cobblestone":3,"minecraft:polished_deepslate_slab":1,"minecraft:crafting_table":7,"minecraft:diamond_pickaxe":1451,"minecraft:apple":10,"minecraft:iron_pickaxe":4,"simplyswords:iron_sai":16,"minecraft:cobblestone":166,"minecraft:cooked_porkchop":8,"minecraft:bucket":40},"minecraft:broken":{"amethyst_imbuement:steel_leggings":1,"minecraft:leather_boots":1},"minecraft:mined":{"perfectplushies:turtle_plushie":1,"regions_unexplored:maple_planks":12,"geode_plus:medium_diamond_bud":1,"regions_unexplored:maple_log":31,"mythicupgrades:topaz_crystal_block":12,"mythicmetals:deepslate_morkite_ore":21,"minecraft:carved_pumpkin":1,"minecraft:cave_vines_plant":1,"minecraft:granite":53,"minecraft:budding_amethyst":1,"travelersbackpack:iron_golem":1,"minecraft:grass_block":1,"mythicmetals:deepslate_adamantite_ore":4,"graveyard:dark_iron_door":1,"minecraft:deepslate_bricks":14,"crystals_overhauled:celestite_ore":8,"minecraft:spawner":6,"mythicmetals:deepslate_orichalcum_ore":1,"extensivediamonds:deepslate_green_diamond_ore":32,"minecraft:iron_ore":3,"crystals_overhauled:malachite_ore":6,"graveyard:leaning_wither_skeleton":1,"minecraft:target":1,"minecraft:deepslate_lapis_ore":2,"minecraft:pointed_dripstone":1,"minecraft:polished_deepslate_slab":2,"minecraft:iron_bars":7,"minecraft:deepslate_brick_stairs":4,"clutter:silver_ore":3,"mythicupgrades:topaz_crystal_cluster":16,"geode_plus:lapis_cluster":4,"soulsweapons:verglas_ore_deepslate":2,"minecraft:polished_deepslate_stairs":1,"things:gleaming_ore":2,"minecraft:powder_snow":31,"minecraft:clay":7,"soulsweapons:moonstone_ore":2,"expores:deepslate_experience_ore":12,"things:deepslate_gleaming_ore":1,"crystals_overhauled:saphire_ore":9,"minecraft:calcite":33,"expores:experience_ore":3,"minecraft:cobblestone":6,"graveyard:skeleton_hand":1,"minecraft:sugar_cane":3,"extensivediamonds:deepslate_red_diamond_ore":19,"minecraft:amethyst_block":4,"regions_unexplored:pine_log":34,"minecraft:skeleton_skull":1,"minecraft:white_terracotta":1,"minecraft:chain":2,"geode_plus:diamond_crystal":5,"mythicmetals:aquarium_ore":10,"minecraft:blue_ice":2,"mythicupgrades:peridot_crystal_block":2,"minecraft:grass":4,"minecraft:cracked_deepslate_tiles":2,"graveyard:creeper_skeleton":1,"minecraft:dirt":38,"mythicmetals:morkite_ore":15,"darkblades:dark_ore":34,"minecraft:smooth_basalt":27,"minecraft:deepslate":423,"soulsweapons:verglas_ore":1,"minecraft:deepslate_tiles":11,"regions_unexplored:spruce_shrub":1,"minecraft:tuff":12,"minecraft:mossy_cobblestone":4,"minecraft:glow_lichen":1,"minecraft:ladder":1,"mythicupgrades:deepslate_aquamarine_ore":6,"minecraft:spruce_fence":2,"regions_unexplored:maple_leaves":4,"minecraft:spruce_leaves":1,"minecraft:moss_block":1,"minecraft:spore_blossom":2,"mythicmetals:quadrillum_ore":8,"minecraft:furnace":1,"croptopia:corn_crop":1,"mythicupgrades:aquamarine_crystal_cluster":11,"minecraft:andesite":19,"mythicmetals:deepslate_mythril_ore":6,"regions_unexplored:frozen_grass":3,"soulsweapons:moonstone_ore_deepslate":2,"minecraft:bookshelf":2,"regions_unexplored:red_maple_leaves":3,"minecraft:lantern":1,"regions_unexplored:medium_grass":5,"minecraft:stone":375,"minecraft:pink_terracotta":4,"regions_unexplored:redstone_bulb":1,"minecraft:glass_pane":7,"geode_plus:small_diamond_bud":3,"regions_unexplored:silver_birch_leaf_pile":1,"minecraft:snow_block":3,"geode_plus:large_lapis_bud":1,"crystals_overhauled:heliodor_ore":1,"minecraft:crafting_table":3,"minecraft:cobbled_deepslate_wall":3,"crystals_overhauled:rhodochrosite_ore":3,"minecraft:emerald_ore":2,"minecraft:tall_grass":2,"minecraft:copper_ore":7,"minecraft:deepslate_coal_ore":14,"minecraft:deepslate_gold_ore":1,"minecraft:cracked_deepslate_bricks":6,"mythicmetals:deepslate_runite_ore":1,"minecraft:diorite":91,"spell_engine:spell_binding":2,"minecraft:magenta_terracotta":2,"minecraft:spruce_log":2,"mythicupgrades:aquamarine_crystal_block":4,"regions_unexplored:red_maple_leaf_pile":1,"minecraft:coal_ore":6,"minecraft:dripstone_block":5,"minecraft:gravel":2,"graveyard:leaning_skeleton":1,"minecraft:cobweb":14,"minecraft:stone_bricks":1,"minecraft:polished_andesite":6,"geode_plus:large_diamond_bud":1},"minecraft:killed":{"minecraft:spider":3,"graveyard:wraith":21,"minecraft:skeleton":14,"graveyard:acolyte":2,"minecraft:illusioner":1,"artifacts:mimic":1,"minecraft:pig":2,"minecraft:zombie_villager":1,"minecraft:creeper":2,"minecraft:sheep":6,"minecraft:pillager":2,"minecraft:zombie":16,"graveyard:corrupted_pillager":22,"minecraft:cow":3,"graveyard:corrupted_vindicator":39,"graveyard:revenant":2,"minecraft:vindicator":2,"minecraft:slime":18,"clutter:mossbloom":6,"minecraft:player":2},"minecraft:picked_up":{"minecraft:wooden_axe":2,"soulsweapons:moonstone":4,"minecraft:enchanted_book":1,"regions_unexplored:maple_planks":17,"mythicupgrades:topaz_crystal_shard":64,"minecraft:string":13,"minecraft:raw_copper":23,"mythicmetals:raw_aquarium":15,"minecraft:zombie_head":3,"minecraft:deepslate_tiles":14,"regions_unexplored:pine_log":31,"minecraft:cobbled_deepslate":83,"crystals_overhauled:rhodochrosite":10,"minecraft:calcite":6,"minecraft:wooden_shovel":1,"minecraft:furnace":1,"minecraft:stick":24,"minecraft:polished_deepslate_stairs":1,"minecraft:torch":3,"minecraft:porkchop":7,"minecraft:diorite":64,"mythicmetals:morkite":83,"mythicupgrades:aquamarine":6,"minecraft:stone_sword":4,"amethyst_imbuement:steel_ingot":1,"minecraft:rotten_flesh":13,"minecraft:carved_pumpkin":1,"minecraft:deepslate_brick_stairs":4,"minecraft:iron_bars":3,"minecraft:snowball":165,"minecraft:cobblestone":243,"travelersbackpack:iron_golem":1,"minecraft:andesite":19,"minecraft:potato":16,"minecraft:tuff":1,"graveyard:dark_iron_door":1,"minecraft:lapis_lazuli":53,"minecraft:dirt":243,"minecraft:name_tag":2,"minecraft:leather_boots":4,"minecraft:bone":16,"minecraft:cobbled_deepslate_wall":3,"minecraft:wheat_seeds":3,"extensivediamonds:red_diamond":21,"clutter:pig_plushie":1,"minecraft:moss_block":7,"patchouli:guide_book":4,"graveyard:bone_dagger":1,"regions_unexplored:pine_planks":22,"minecraft:sand":5,"mythicmetals:raw_quadrillum":12,"perfectplushies:panda_plushie":1,"minecraft:mossy_cobblestone":3,"minecraft:bundle":3,"minecraft:polished_andesite":6,"clutter:cooked_venison":7,"perfectplushies:rubber_duck_plushie":2,"clutter:copper_coin":42,"minecraft:diamond":15,"magistuarmory:corruptedroundshield":1,"minecraft:granite":28,"soulsweapons:verglas":2,"minecraft:spruce_sign":2,"minecraft:emerald":2,"minecraft:bread":14,"minecraft:crafting_table":4,"things:gleaming_powder":3,"minecraft:clay_ball":28,"minecraft:ladder":1,"simplyswords:iron_sai":1,"minecraft:wooden_pickaxe":1,"minecraft:chain":2,"regions_unexplored:red_maple_leaf_pile":2,"minecraft:shield":1,"perfectplushies:robin_plushie":1,"regions_unexplored:spruce_shrub":1,"perfectbirbs:crow_plushie":2,"graveyard:corruption":34,"clutter:raw_silver":8,"mythicmetals:raw_adamantite":4,"crystals_overhauled:malachite":11,"minecraft:beef":8,"minecraft:player_head":2,"regions_unexplored:white_snowbelle":1,"minecraft:light_gray_wool":1,"mythicmetals:raw_mythril":6,"minecraft:sugar_cane":12,"mythicmetals:raw_orichalcum":1,"minecraft:polished_deepslate_slab":2,"regions_unexplored:silver_birch_leaf_pile":3,"minecraft:spruce_fence":1,"crystals_overhauled:saphire":12,"minecraft:carrot":17,"minecraft:redstone":3,"mythicupgrades:aquamarine_crystal_shard":40,"mythicmetals:raw_runite":2,"minecraft:arrow":30,"perfectplushies:turtle_plushie":1,"clutter:cooked_venison_ribs":2,"minecraft:deepslate_bricks":9,"spell_engine:spell_binding":2,"minecraft:cracked_deepslate_bricks":3,"minecraft:saddle":1,"minecraft:gold_ingot":2,"minecraft:glow_berries":1,"minecraft:mutton":3,"minecraft:skeleton_skull":3,"minecraft:cracked_deepslate_tiles":1,"clutter:raw_venison":3,"minecraft:glow_ink_sac":3,"mythicupgrades:aquamarine_crystal_block":4,"artifacts:onion_ring":1,"regions_unexplored:red_maple_sapling":1,"minecraft:gunpowder":2,"extensivediamonds:green_diamond":33,"amethyst_imbuement:glistering_tome":1,"nyfsbp:moon_banner_pattern":2,"minecraft:apple":28,"minecraft:stone_bricks":1,"minecraft:spore_blossom":2,"minecraft:iron_ingot":18,"clutter:raw_venison_ribs":2,"mythicupgrades:peridot_crystal_block":9,"darkblades:dark_dust":110,"minecraft:book":6,"minecraft:smooth_basalt":8,"croptopia:cucumber_seed":1,"minecraft:spruce_log":2,"clutter:mossbloom_antler":7,"minecraft:firework_rocket":7,"minecraft:slime_ball":51,"regions_unexplored:maple_log":31,"immersive_armors:heavy_boots":1,"crystals_overhauled:celestite":15,"minecraft:coal":28}},"DataVersion":3465}