{"stats":{"minecraft:dropped":{"minecraft:spruce_sign":2,"amethyst_imbuement:smoky_quartz":2,"minecraft:moss_block":7,"minecraft:diamond_axe":1,"minecraft:lapis_lazuli":50,"minecraft:glow_ink_sac":6,"minecraft:ender_pearl":1,"minecraft:diamond":2,"perfectplushies:dolphin_plushie":1,"perfectplushies:panda_plushie":2,"amethyst_imbuement:glowing_fragment":6,"minecraft:saddle":1,"crystals_overhauled:saphire_tool_pickaxe":1,"regions_unexplored:maple_planks":8,"minecraft:cod":5,"minecraft:flint":4,"minecraft:emerald":6,"regions_unexplored:red_maple_leaf_pile":2,"minecraft:dirt":91,"clutter:pig_plushie":2,"archers:composite_longbow":1,"immersive_armors:heavy_boots":2,"minecraft:snowball":167,"minecraft:chain":2,"clutter:raw_venison":3,"minecraft:bone_meal":21,"minecraft:sand":5,"magistuarmory:corruptedroundshield":1,"clutter:silver_coin":6,"simplyswords:iron_sai":2,"minecraft:bone":17,"minecraft:note_block":1,"lootr:trophy":1,"minecraft:cobbled_deepslate":96,"minecraft:wheat":13,"minecraft:rotten_flesh":9,"minecraft:salmon":4,"beautify:hanging_pot":2,"minecraft:carrot":2,"patchouli:guide_book":3,"minecraft:chainmail_chestplate":2,"perfectbirbs:crow_plushie":2,"perfectplushies:rubber_duck_plushie":3,"minecraft:deepslate_tiles":3,"things:monocle":1,"minecraft:gunpowder":2,"minecraft:skeleton_skull":3,"immersive_armors:slime_chestplate":1,"minecraft:leather_boots":2,"minecraft:chainmail_boots":2,"minecraft:arrow":10,"minecraft:written_book":1,"perfectbirbs:toucan_plushie":1,"minecraft:firework_rocket":7,"perfectplushies:dumbo_blob_plushie":1,"minecraft:enchanted_book":5,"amethyst_imbuement:glistering_tome":2,"minecraft:iron_ingot":11,"minecraft:bread":7,"minecraft:purple_terracotta":4,"minecraft:wheat_seeds":15,"plentyofarmors:emerald_boots":1,"plentyofarmors:emerald_leggings":2,"minecraft:golden_horse_armor":1,"clutter:copper_coin":137,"minecraft:iron_helmet":1,"amethyst_imbuement:steel_ingot":1,"minecraft:cobblestone":82,"minecraft:lead":1,"minecraft:apple":9,"minecraft:granite":28,"minecraft:copper_ingot":3,"plentyofarmors:emerald_chestplate":4,"graveyard:bone_dagger":1,"minecraft:coal":17,"minecraft:stick":35,"regions_unexplored:red_maple_sapling":1,"minecraft:deepslate_brick_stairs":2,"perfectbirbs:sparrow_plushie":1,"minecraft:diorite":64,"minecraft:torch":1,"minecraft:wooden_axe":2,"mythicmetals:mythril_pickaxe":1,"minecraft:zombie_head":3,"minecraft:diamond_helmet":2,"soulsweapons:lost_soul":6,"minecraft:iron_leggings":1,"extensivediamonds:fused_diamond_sword":1,"minecraft:iron_axe":3,"regions_unexplored:silver_birch_leaf_pile":3,"minecraft:chainmail_leggings":2,"mythicupgrades:aquamarine_crystal_block":3,"minecraft:string":19,"minecraft:acacia_planks":8,"minecraft:smooth_basalt":8,"minecraft:redstone":11,"nyfsbp:moon_banner_pattern":1,"graveyard:dark_iron_door":1,"minecraft:bricks":12,"soulsweapons:soul_robes_chestplate":1,"clutter:cooked_venison_ribs":1,"regions_unexplored:pine_planks":79,"minecraft:player_head":3,"minecraft:stone_sword":3,"minecraft:raw_copper":23,"minecraft:bowl":2,"croptopia:cucumber_seed":1,"minecraft:tuff":1,"minecraft:polished_deepslate_slab":1,"minecraft:light_gray_wool":1,"minecraft:clay_ball":28,"minecraft:iron_boots":15,"minecraft:iron_hoe":1,"minecraft:name_tag":2,"darkblades:dark_dust":46,"minecraft:totem_of_undying":1,"perfectplushies:robin_plushie":1,"minecraft:deepslate_bricks":4,"minecraft:potato":2,"minecraft:shield":2,"regions_unexplored:white_snowbelle":1,"minecraft:spruce_planks":2,"minecraft:bundle":1,"minecraft:iron_chestplate":1,"minecraft:andesite":19,"minecraft:blue_ice":6,"mythicupgrades:peridot_crystal_block":10,"minecraft:wooden_shovel":1,"rogues:iron_dagger":1,"mythicmetals:adamantite_shovel":1,"artifacts:onion_ring":1,"perfectplushies:dog_plushie":1,"minecraft:cracked_deepslate_bricks":2,"minecraft:calcite":6,"perfectplushies:capybara_plushie":1},"minecraft:crafted":{"minecraft:oak_planks":20,"regions_unexplored:maple_planks":124,"mythicmetals:adamantite_shovel":1,"minecraft:cooked_mutton":8,"minecraft:iron_boots":18,"minecraft:chest":12,"minecraft:wooden_shovel":2,"minecraft:cooked_porkchop":8,"clutter:golden_coin":6,"minecraft:diamond_axe":2,"minecraft:crafting_table":9,"minecraft:spruce_planks":40,"minecraft:wooden_pickaxe":2,"crystals_overhauled:rhodochrosite_axe":2,"mythicmetals:orichalcum_shovel":1,"plentyofarmors:emerald_helmet":2,"mythicmetals:adamantite_pickaxe":1,"minecraft:diamond_pickaxe":3,"minecraft:stick":52,"plentyofarmors:emerald_boots":1,"clutter:silver_coin":32,"minecraft:furnace":6,"graveyard:dark_iron_ingot":27,"mythicmetals:mythril_ingot":1,"mythicmetals:runite_ingot":3,"mythicmetals:adamantite_ingot":4,"minecraft:iron_axe":2,"mythicmetals:runite_pickaxe":1,"minecraft:wheat":436,"minecraft:diamond_sword":6,"extensivediamonds:fused_diamond_sword":1,"minecraft:bucket":2,"regions_unexplored:maple_boat":2,"minecraft:bread":288,"minecraft:air":0,"minecraft:oak_boat":2,"regions_unexplored:pine_planks":652,"crystals_overhauled:rhodochrosite_pickaxe":1,"minecraft:wooden_axe":2,"plentyofarmors:emerald_leggings":3,"minecraft:iron_leggings":2,"plentyofarmors:emerald_chestplate":5,"minecraft:acacia_planks":44,"minecraft:torch":16,"mythicmetals:orichalcum_ingot":1},"minecraft:custom":{"lootr:looted_stat":131,"minecraft:interact_with_crafting_table":64,"minecraft:open_barrel":33,"minecraft:bell_ring":1,"minecraft:leave_game":7,"minecraft:time_since_death":100134,"minecraft:sprint_one_cm":1052738,"minecraft:drop":285,"minecraft:play_noteblock":1,"minecraft:talked_to_villager":16,"minecraft:play_time":501149,"minecraft:deaths":42,"minecraft:jump":6764,"minecraft:walk_on_water_one_cm":42448,"minecraft:interact_with_furnace":19,"minecraft:traded_with_villager":16,"minecraft:interact_with_loom":3,"minecraft:sleep_in_bed":10,"minecraft:damage_dealt":74367,"minecraft:player_kills":2,"minecraft:crouch_one_cm":61657,"minecraft:interact_with_smoker":8,"minecraft:interact_with_smithing_table":1,"minecraft:interact_with_anvil":1,"minecraft:mob_kills":296,"minecraft:damage_dealt_resisted":20662,"minecraft:climb_one_cm":19947,"minecraft:walk_one_cm":1009000,"minecraft:damage_dealt_absorbed":13736,"minecraft:sneak_time":20176,"minecraft:walk_under_water_one_cm":16615,"minecraft:boat_one_cm":27303,"minecraft:interact_with_lectern":2,"minecraft:interact_with_blast_furnace":17,"minecraft:total_world_time":501149,"minecraft:interact_with_grindstone":1,"minecraft:hex":0,"minecraft:time_since_rest":7806,"minecraft:damage_absorbed":18728,"minecraft:damage_taken":29062,"minecraft:swim_one_cm":38478,"minecraft:fly_one_cm":1318761,"minecraft:open_chest":182,"minecraft:fall_one_cm":209851},"minecraft:killed_by":{"minecraft:evoker":2,"minecraft:creeper":4,"minecraft:pillager":2,"minecraft:drowned":1,"minecraft:vindicator":24,"minecraft:zombie":3,"minecraft:vex":2,"minecraft:illusioner":1,"minecraft:player":1,"minecraft:skeleton":1},"minecraft:used":{"regions_unexplored:pine_planks":478,"darkbread:gold_bread":2,"mythicmetals:adamantite_pickaxe":8,"minecraft:ladder":1,"minecraft:chest":6,"perfectplushies:gamerpotion_plushie_rare":1,"minecraft:player_head":2,"graveyard:vase_block":1,"minecraft:carrot":15,"minecraft:cracked_deepslate_tiles":1,"crystals_overhauled:rhodochrosite_pickaxe":8,"minecraft:axolotl_bucket":24,"minecraft:snowball":12,"minecraft:polished_deepslate_stairs":1,"clutter:cooked_venison_ribs":1,"perfectplushies:joosh_plushie":1,"crystals_overhauled:saphire_tool_pickaxe":5,"mythicupgrades:aquamarine_crystal_block":1,"mythicupgrades:peridot_crystal_block":1,"minecraft:stone_bricks":1,"minecraft:bow":26,"minecraft:written_book":1,"minecraft:furnace":3,"minecraft:gray_bed":3,"regions_unexplored:spruce_shrub":1,"minecraft:dark_oak_stairs":2,"minecraft:ender_pearl":6,"minecraft:wooden_pickaxe":4,"travelersbackpack:iron_golem":3,"spell_engine:spell_binding":2,"minecraft:sugar_cane":4,"minecraft:diamond_axe":66,"mythicmetals:orichalcum_shovel":12,"minecraft:golden_apple":2,"minecraft:glow_berries":1,"minecraft:blast_furnace":2,"clutter:cooked_venison":2,"minecraft:deepslate_brick_stairs":2,"extensivediamonds:fused_diamond_sword":468,"minecraft:deepslate_tiles":10,"minecraft:bread":56,"minecraft:string":2,"minecraft:diamond_sword":591,"amethyst_imbuement:xp_bush_seed":3,"minecraft:oak_boat":1,"regions_unexplored:maple_boat":1,"minecraft:experience_bottle":64,"minecraft:iron_bars":2,"minecraft:stone_sword":80,"minecraft:cracked_deepslate_bricks":1,"mythicmetals:runite_pickaxe":7,"minecraft:spruce_planks":40,"minecraft:wooden_shovel":19,"regions_unexplored:maple_planks":93,"minecraft:torch":13,"minecraft:dirt":194,"minecraft:diamond_helmet":1,"minecraft:wooden_axe":31,"minecraft:iron_axe":205,"mythicmetals:adamantite_shovel":22,"minecraft:iron_boots":1,"minecraft:totem_of_undying":3,"darkbread:diamond_bread":1,"minecraft:acacia_planks":41,"minecraft:beetroot_soup":2,"minecraft:powder_snow_bucket":2,"minecraft:cobbled_deepslate_wall":3,"minecraft:cooked_mutton":8,"minecraft:water_bucket":38,"minecraft:bundle":1,"minecraft:polished_andesite":6,"minecraft:deepslate_bricks":5,"crystals_overhauled:rhodochrosite_axe":6,"minecraft:salmon":1,"minecraft:mossy_cobblestone":3,"minecraft:polished_deepslate_slab":1,"minecraft:crafting_table":11,"minecraft:diamond_pickaxe":1579,"minecraft:apple":10,"mythicmetals:mythril_pickaxe":9,"minecraft:iron_pickaxe":4,"simplyswords:iron_sai":16,"minecraft:cobblestone":189,"minecraft:cooked_porkchop":8,"minecraft:bucket":65},"minecraft:broken":{"minecraft:diamond_helmet":1,"immersive_armors:slime_chestplate":1,"minecraft:iron_boots":1,"minecraft:diamond_boots":1,"amethyst_imbuement:steel_leggings":1,"minecraft:diamond_chestplate":2,"minecraft:diamond_leggings":1,"minecraft:iron_axe":1,"minecraft:leather_boots":1},"minecraft:mined":{"perfectplushies:turtle_plushie":1,"minecraft:spruce_planks":5,"regions_unexplored:maple_planks":21,"geode_plus:medium_diamond_bud":1,"regions_unexplored:maple_log":31,"mythicupgrades:topaz_crystal_block":12,"mythicmetals:deepslate_morkite_ore":21,"minecraft:carved_pumpkin":1,"minecraft:cave_vines_plant":1,"minecraft:granite":53,"minecraft:budding_amethyst":1,"travelersbackpack:iron_golem":1,"minecraft:grass_block":29,"mythicmetals:deepslate_adamantite_ore":4,"graveyard:dark_iron_door":1,"minecraft:deepslate_bricks":14,"crystals_overhauled:celestite_ore":8,"minecraft:spawner":10,"mythicmetals:deepslate_orichalcum_ore":1,"extensivediamonds:deepslate_green_diamond_ore":32,"minecraft:iron_ore":3,"minecraft:fire":1,"crystals_overhauled:malachite_ore":6,"graveyard:leaning_wither_skeleton":1,"minecraft:target":1,"minecraft:pumpkin":2,"minecraft:deepslate_lapis_ore":2,"minecraft:dark_oak_stairs":2,"minecraft:enchanting_table":1,"regions_unexplored:pine_leaves":1,"minecraft:pointed_dripstone":1,"minecraft:polished_deepslate_slab":2,"minecraft:iron_bars":9,"minecraft:light_gray_concrete":10,"minecraft:deepslate_brick_stairs":4,"clutter:silver_ore":3,"mythicupgrades:topaz_crystal_cluster":16,"minecraft:player_head":1,"geode_plus:lapis_cluster":4,"minecraft:cyan_terracotta":3,"soulsweapons:verglas_ore_deepslate":2,"minecraft:polished_deepslate_stairs":1,"things:gleaming_ore":2,"minecraft:powder_snow":57,"minecraft:clay":7,"soulsweapons:moonstone_ore":2,"minecraft:note_block":1,"expores:deepslate_experience_ore":12,"things:deepslate_gleaming_ore":1,"crystals_overhauled:saphire_ore":9,"minecraft:calcite":33,"expores:experience_ore":3,"minecraft:cobblestone":7,"graveyard:skeleton_hand":1,"minecraft:bricks":6,"minecraft:sugar_cane":14,"minecraft:wall_torch":3,"extensivediamonds:deepslate_red_diamond_ore":19,"minecraft:amethyst_block":4,"regions_unexplored:pine_log":166,"minecraft:skeleton_skull":1,"minecraft:white_terracotta":1,"minecraft:chain":2,"geode_plus:diamond_crystal":5,"mythicmetals:aquarium_ore":10,"minecraft:blue_ice":2,"mythicupgrades:peridot_crystal_block":2,"minecraft:grass":4,"minecraft:cracked_deepslate_tiles":2,"graveyard:creeper_skeleton":1,"minecraft:oak_log":5,"minecraft:sand":6,"minecraft:dirt":44,"mythicmetals:morkite_ore":15,"darkblades:dark_ore":34,"minecraft:smooth_basalt":27,"minecraft:netherrack":1,"minecraft:deepslate":423,"soulsweapons:verglas_ore":1,"minecraft:deepslate_tiles":11,"regions_unexplored:spruce_shrub":1,"minecraft:tuff":12,"minecraft:mossy_cobblestone":4,"minecraft:gray_stained_glass_pane":1,"mythicupgrades:deepslate_aquamarine_ore":6,"minecraft:glow_lichen":1,"minecraft:ladder":1,"minecraft:purple_terracotta":15,"minecraft:spruce_fence":2,"regions_unexplored:maple_leaves":4,"minecraft:spruce_leaves":1,"regions_unexplored:pine_planks":34,"minecraft:moss_block":1,"minecraft:hay_block":49,"minecraft:spore_blossom":2,"mythicmetals:quadrillum_ore":8,"minecraft:furnace":1,"croptopia:corn_crop":1,"minecraft:acacia_wood":11,"mythicupgrades:aquamarine_crystal_cluster":11,"minecraft:andesite":19,"mythicmetals:deepslate_mythril_ore":6,"regions_unexplored:frozen_grass":4,"minecraft:gold_block":1,"soulsweapons:moonstone_ore_deepslate":2,"minecraft:bookshelf":7,"regions_unexplored:red_maple_leaves":3,"minecraft:lantern":1,"minecraft:packed_ice":2,"regions_unexplored:medium_grass":5,"minecraft:stone":431,"regions_unexplored:redstone_bulb":1,"minecraft:pink_terracotta":4,"minecraft:glass_pane":9,"geode_plus:small_diamond_bud":3,"regions_unexplored:silver_birch_leaf_pile":1,"minecraft:snow_block":3,"geode_plus:large_lapis_bud":1,"crystals_overhauled:heliodor_ore":1,"minecraft:crafting_table":4,"minecraft:cobbled_deepslate_wall":3,"crystals_overhauled:rhodochrosite_ore":3,"minecraft:emerald_ore":2,"minecraft:copper_ore":7,"minecraft:tall_grass":2,"minecraft:deepslate_coal_ore":14,"minecraft:deepslate_gold_ore":1,"mythicmetals:deepslate_runite_ore":1,"minecraft:cracked_deepslate_bricks":6,"minecraft:diorite":91,"spell_engine:spell_binding":2,"minecraft:magenta_terracotta":4,"minecraft:gray_bed":3,"minecraft:spruce_log":20,"mythicupgrades:aquamarine_crystal_block":4,"regions_unexplored:red_maple_leaf_pile":1,"minecraft:coal_ore":40,"minecraft:dripstone_block":5,"minecraft:gravel":2,"graveyard:leaning_skeleton":1,"minecraft:cobweb":14,"minecraft:acacia_planks":6,"geode_plus:large_diamond_bud":1,"minecraft:stone_bricks":21,"minecraft:polished_andesite":8,"minecraft:dark_oak_planks":1},"minecraft:killed":{"minecraft:cave_spider":13,"minecraft:spider":5,"graveyard:wraith":21,"minecraft:skeleton":16,"graveyard:acolyte":2,"minecraft:illusioner":8,"artifacts:mimic":1,"minecraft:pig":2,"minecraft:zombie_villager":1,"minecraft:creeper":3,"minecraft:sheep":6,"minecraft:pillager":25,"minecraft:zombie":23,"minecraft:stray":1,"graveyard:corrupted_pillager":22,"minecraft:cow":3,"minecraft:evoker":7,"minecraft:vex":24,"graveyard:corrupted_vindicator":39,"graveyard:revenant":4,"minecraft:vindicator":32,"minecraft:slime":18,"soulsweapons:dark_sorcerer":2,"clutter:mossbloom":6,"minecraft:player":2},"minecraft:picked_up":{"minecraft:wooden_axe":2,"minecraft:wheat":14,"minecraft:chainmail_boots":2,"soulsweapons:moonstone":4,"minecraft:enchanted_book":1,"regions_unexplored:maple_planks":24,"mythicupgrades:topaz_crystal_shard":64,"minecraft:string":24,"minecraft:raw_copper":23,"mythicmetals:raw_aquarium":15,"minecraft:experience_bottle":2,"minecraft:zombie_head":3,"minecraft:deepslate_tiles":14,"regions_unexplored:pine_log":163,"minecraft:cobbled_deepslate":83,"minecraft:spruce_planks":2,"crystals_overhauled:rhodochrosite":29,"minecraft:written_book":2,"minecraft:calcite":6,"minecraft:wooden_shovel":1,"minecraft:furnace":1,"minecraft:iron_boots":2,"minecraft:stick":28,"minecraft:polished_deepslate_stairs":1,"minecraft:torch":6,"minecraft:porkchop":7,"soulsweapons:soul_robes_leggings":1,"soulsweapons:soul_robes_chestplate":1,"minecraft:diorite":64,"mythicmetals:morkite":83,"mythicupgrades:aquamarine":6,"minecraft:stone_sword":4,"amethyst_imbuement:steel_ingot":1,"minecraft:rotten_flesh":31,"minecraft:carved_pumpkin":1,"minecraft:deepslate_brick_stairs":4,"minecraft:iron_bars":3,"minecraft:snowball":165,"minecraft:cobblestone":288,"minecraft:enchanting_table":1,"travelersbackpack:iron_golem":1,"minecraft:andesite":19,"minecraft:potato":18,"minecraft:tuff":1,"graveyard:dark_iron_door":1,"clutter:silver_coin":4,"minecraft:lapis_lazuli":55,"minecraft:dirt":282,"minecraft:name_tag":2,"minecraft:leather_boots":4,"minecraft:bone":19,"croptopia:corn":1,"minecraft:acacia_planks":9,"minecraft:wheat_seeds":5,"minecraft:cobbled_deepslate_wall":3,"extensivediamonds:red_diamond":21,"clutter:pig_plushie":1,"regions_unexplored:pine_boat":1,"minecraft:oak_planks":11,"minecraft:diamond_helmet":2,"minecraft:moss_block":7,"patchouli:guide_book":4,"graveyard:bone_dagger":1,"regions_unexplored:pine_planks":68,"minecraft:sand":11,"mythicmetals:raw_quadrillum":12,"perfectplushies:capybara_plushie":1,"perfectplushies:panda_plushie":1,"minecraft:mossy_cobblestone":3,"minecraft:bundle":3,"minecraft:light_gray_concrete":1,"minecraft:polished_andesite":6,"clutter:cooked_venison":7,"perfectplushies:rubber_duck_plushie":2,"clutter:copper_coin":118,"minecraft:diamond":16,"magistuarmory:corruptedroundshield":1,"minecraft:granite":28,"crystals_overhauled:saphire_tool_pickaxe":1,"soulsweapons:verglas":2,"minecraft:spruce_sign":2,"minecraft:emerald":11,"minecraft:bread":14,"minecraft:bricks":12,"minecraft:crafting_table":4,"things:gleaming_powder":3,"minecraft:ladder":1,"minecraft:clay_ball":28,"simplyswords:iron_sai":1,"minecraft:wooden_pickaxe":1,"minecraft:chain":2,"regions_unexplored:red_maple_leaf_pile":2,"minecraft:shield":1,"perfectplushies:robin_plushie":1,"minecraft:iron_axe":3,"regions_unexplored:spruce_shrub":1,"perfectbirbs:crow_plushie":2,"graveyard:corruption":34,"clutter:raw_silver":8,"mythicmetals:raw_adamantite":4,"crystals_overhauled:malachite":11,"minecraft:beef":8,"minecraft:oak_boat":1,"minecraft:player_head":6,"regions_unexplored:white_snowbelle":1,"minecraft:light_gray_wool":1,"mythicmetals:raw_mythril":6,"minecraft:sugar_cane":34,"mythicmetals:raw_orichalcum":1,"minecraft:polished_deepslate_slab":2,"regions_unexplored:silver_birch_leaf_pile":3,"minecraft:note_block":1,"minecraft:spruce_fence":1,"immersive_armors:slime_chestplate":1,"crystals_overhauled:saphire":12,"minecraft:carrot":17,"minecraft:redstone":3,"mythicupgrades:aquamarine_crystal_shard":40,"minecraft:purple_terracotta":6,"mythicmetals:raw_runite":3,"minecraft:arrow":30,"perfectplushies:turtle_plushie":1,"clutter:cooked_venison_ribs":2,"minecraft:deepslate_bricks":9,"minecraft:hay_block":51,"spell_engine:spell_binding":2,"minecraft:cracked_deepslate_bricks":3,"minecraft:totem_of_undying":5,"minecraft:saddle":1,"minecraft:gold_ingot":2,"minecraft:glow_berries":1,"minecraft:mutton":3,"minecraft:skeleton_skull":4,"minecraft:cracked_deepslate_tiles":1,"clutter:raw_venison":3,"extensivediamonds:fused_diamond_sword":1,"minecraft:glow_ink_sac":6,"mythicupgrades:aquamarine_crystal_block":4,"minecraft:acacia_wood":11,"amethyst_imbuement:glowing_fragment":6,"artifacts:onion_ring":1,"minecraft:chainmail_chestplate":2,"minecraft:oak_log":5,"regions_unexplored:red_maple_sapling":1,"minecraft:gunpowder":2,"minecraft:paper":1,"extensivediamonds:green_diamond":33,"amethyst_imbuement:glistering_tome":1,"nyfsbp:moon_banner_pattern":2,"soulsweapons:lost_soul":7,"minecraft:apple":28,"minecraft:stone_bricks":3,"plentyofarmors:emerald_boots":1,"minecraft:spore_blossom":2,"minecraft:iron_ingot":18,"clutter:raw_venison_ribs":2,"mythicupgrades:peridot_crystal_block":11,"darkblades:dark_dust":110,"minecraft:gray_bed":3,"minecraft:dark_oak_stairs":2,"minecraft:book":6,"minecraft:smooth_basalt":8,"croptopia:cucumber_seed":1,"minecraft:blast_furnace":2,"minecraft:spruce_log":10,"minecraft:spider_eye":8,"clutter:mossbloom_antler":7,"things:monocle":1,"minecraft:firework_rocket":7,"minecraft:slime_ball":51,"minecraft:chainmail_leggings":2,"regions_unexplored:maple_log":31,"immersive_armors:heavy_boots":1,"mythicmetals:mythril_pickaxe":1,"crystals_overhauled:celestite":15,"minecraft:coal":58}},"DataVersion":3465}