{"stats":{"minecraft:dropped":{"amethyst_imbuement:smoky_quartz":2,"minecraft:lapis_lazuli":52,"minecraft:cooked_beef":1,"minecraft:glow_ink_sac":6,"minecraft:diamond":2,"minecraft:cracked_stone_bricks":1,"minecraft:saddle":2,"regions_unexplored:maple_planks":8,"minecraft:emerald":7,"minecraft:dirt":91,"archers:composite_longbow":1,"things:socks":1,"minecraft:chain":2,"minecraft:bone_meal":21,"minecraft:sand":11,"magistuarmory:corruptedroundshield":1,"clutter:silver_coin":6,"simplyswords:iron_sai":2,"minecraft:bone":19,"magistuarmory:rustedchainmail_leggings":1,"minecraft:note_block":1,"minecraft:sugar_cane":18,"minecraft:cobbled_deepslate":115,"minecraft:wheat":13,"minecraft:rotten_flesh":46,"minecraft:oak_planks":16,"beautify:hanging_pot":2,"minecraft:salmon":4,"minecraft:deepslate_tiles":3,"minecraft:leather_boots":2,"perfectbirbs:toucan_plushie":1,"minecraft:enchanted_book":5,"minecraft:iron_ingot":17,"minecraft:wheat_seeds":15,"minecraft:golden_horse_armor":1,"clutter:copper_coin":137,"minecraft:cobblestone":138,"minecraft:iron_helmet":1,"minecraft:apple":9,"minecraft:granite":30,"plentyofarmors:emerald_chestplate":4,"graveyard:bone_dagger":1,"minecraft:coal":17,"regions_unexplored:red_maple_sapling":1,"perfectbirbs:sparrow_plushie":1,"minecraft:wooden_axe":2,"minecraft:diamond_helmet":2,"soulsweapons:lost_soul":6,"mythicmetals:mythril_pickaxe":1,"extensivediamonds:fused_diamond_sword":1,"regions_unexplored:silver_birch_leaf_pile":3,"minecraft:paper":1,"minecraft:chainmail_leggings":2,"minecraft:string":22,"minecraft:acacia_planks":8,"nyfsbp:moon_banner_pattern":1,"minecraft:bricks":12,"minecraft:creeper_head":1,"clutter:cooked_venison_ribs":1,"soulsweapons:soul_robes_chestplate":1,"minecraft:player_head":4,"minecraft:stone_sword":3,"minecraft:bowl":2,"croptopia:cucumber_seed":1,"minecraft:polished_deepslate_slab":1,"minecraft:clay_ball":28,"minecraft:iron_boots":15,"magistuarmory:rusted_heavymace":1,"minecraft:name_tag":2,"darkblades:dark_dust":46,"perfectplushies:robin_plushie":1,"minecraft:diamond_sword":3,"minecraft:potato":3,"minecraft:spruce_planks":2,"minecraft:bundle":1,"minecraft:diamond_pickaxe":1,"mythicupgrades:peridot_crystal_block":10,"minecraft:wooden_shovel":1,"rogues:iron_dagger":1,"mythicmetals:adamantite_shovel":1,"artifacts:onion_ring":1,"minecraft:stone_bricks":3,"minecraft:bow":3,"perfectplushies:dog_plushie":1,"perfectplushies:capybara_plushie":1,"minecraft:spruce_sign":2,"minecraft:moss_block":8,"minecraft:diamond_axe":1,"minecraft:ender_pearl":1,"magistuarmory:rustedcrusader_chestplate":1,"perfectplushies:dolphin_plushie":1,"perfectplushies:panda_plushie":2,"amethyst_imbuement:glowing_fragment":6,"crystals_overhauled:saphire_tool_pickaxe":1,"minecraft:cod":5,"minecraft:flint":4,"regions_unexplored:red_maple_leaf_pile":2,"clutter:pig_plushie":2,"immersive_armors:heavy_boots":2,"minecraft:snowball":167,"clutter:raw_venison":3,"witcher_rpg:raw_silver":1,"lootr:trophy":1,"croptopia:corn":1,"regions_unexplored:pine_boat":1,"minecraft:carrot":3,"patchouli:guide_book":3,"minecraft:chainmail_chestplate":2,"perfectbirbs:crow_plushie":2,"perfectplushies:rubber_duck_plushie":3,"things:monocle":1,"minecraft:gunpowder":2,"minecraft:skeleton_skull":4,"immersive_armors:slime_chestplate":1,"crystals_overhauled:celestite":2,"minecraft:chainmail_boots":2,"minecraft:iron_bars":2,"minecraft:arrow":10,"minecraft:written_book":1,"minecraft:firework_rocket":7,"perfectplushies:dumbo_blob_plushie":1,"amethyst_imbuement:glistering_tome":2,"minecraft:bread":7,"minecraft:purple_terracotta":4,"plentyofarmors:emerald_boots":1,"plentyofarmors:emerald_leggings":2,"amethyst_imbuement:steel_ingot":1,"minecraft:lead":1,"croptopia:sweetpotato":1,"minecraft:copper_ingot":3,"minecraft:stick":35,"minecraft:deepslate_brick_stairs":2,"minecraft:diorite":64,"minecraft:torch":2,"minecraft:zombie_head":8,"extensivediamonds:green_diamond":3,"minecraft:iron_leggings":1,"mythicmetals:adamantite_pickaxe":1,"minecraft:iron_axe":3,"mythicupgrades:aquamarine_crystal_block":3,"minecraft:redstone":11,"minecraft:smooth_basalt":21,"graveyard:dark_iron_door":1,"regions_unexplored:pine_planks":79,"minecraft:raw_copper":23,"minecraft:tuff":1,"minecraft:raw_iron":1,"magistuarmory:rustedhalfarmor_chestplate":1,"minecraft:light_gray_wool":1,"minecraft:iron_hoe":1,"minecraft:totem_of_undying":1,"minecraft:deepslate_bricks":4,"minecraft:shield":2,"magistuarmory:rustedchainmail_helmet":1,"regions_unexplored:white_snowbelle":1,"minecraft:iron_chestplate":1,"minecraft:andesite":40,"minecraft:blue_ice":6,"minecraft:oak_boat":1,"minecraft:cracked_deepslate_bricks":2,"minecraft:calcite":11},"minecraft:custom":{"minecraft:interact_with_crafting_table":71,"minecraft:open_barrel":33,"minecraft:bell_ring":1,"minecraft:leave_game":9,"minecraft:time_since_death":2399,"minecraft:play_time":654636,"minecraft:deaths":46,"minecraft:jump":8542,"minecraft:interact_with_furnace":20,"minecraft:traded_with_villager":25,"minecraft:interact_with_cartography_table":1,"minecraft:sleep_in_bed":12,"minecraft:damage_dealt":85665,"minecraft:interact_with_smoker":13,"minecraft:interact_with_smithing_table":2,"minecraft:interact_with_anvil":10,"minecraft:damage_dealt_absorbed":18718,"minecraft:sneak_time":25752,"minecraft:interact_with_lectern":2,"minecraft:interact_with_blast_furnace":50,"minecraft:total_world_time":654636,"minecraft:time_since_rest":2423,"minecraft:swim_one_cm":52365,"minecraft:fly_one_cm":1602233,"minecraft:open_chest":268,"minecraft:fall_one_cm":252447,"lootr:looted_stat":148,"minecraft:damage_resisted":24,"minecraft:sprint_one_cm":1416706,"minecraft:drop":346,"minecraft:play_noteblock":1,"minecraft:talked_to_villager":51,"minecraft:walk_on_water_one_cm":60269,"minecraft:interact_with_loom":3,"minecraft:player_kills":4,"minecraft:crouch_one_cm":85273,"minecraft:mob_kills":355,"minecraft:damage_dealt_resisted":30354,"minecraft:climb_one_cm":32268,"minecraft:walk_one_cm":1306136,"minecraft:walk_under_water_one_cm":19628,"minecraft:boat_one_cm":27303,"minecraft:interact_with_grindstone":1,"minecraft:hex":0,"minecraft:damage_taken":31521,"minecraft:damage_absorbed":22928},"minecraft:crafted":{"regions_unexplored:maple_planks":124,"minecraft:cooked_mutton":8,"minecraft:wooden_shovel":2,"minecraft:emerald":1,"minecraft:cooked_porkchop":8,"minecraft:diamond_axe":2,"crystals_overhauled:rhodochrosite_axe":2,"mythicmetals:orichalcum_shovel":1,"plentyofarmors:emerald_helmet":2,"clutter:silver_coin":32,"mythicmetals:runite_ingot":3,"mythicmetals:adamantite_ingot":11,"mythicmetals:runite_pickaxe":1,"minecraft:wheat":436,"regions_unexplored:maple_boat":2,"minecraft:enchanted_book":8,"regions_unexplored:pine_planks":652,"crystals_overhauled:rhodochrosite_pickaxe":1,"minecraft:wooden_axe":2,"plentyofarmors:emerald_leggings":3,"minecraft:iron_leggings":2,"mythicmetals:orichalcum_ingot":12,"minecraft:oak_planks":20,"mythicmetals:adamantite_shovel":1,"minecraft:iron_boots":18,"minecraft:chest":12,"simplyswords:mythicmetals_compat/adamantite/adamantite_twinblade":1,"minecraft:crafting_table":10,"clutter:golden_coin":6,"minecraft:spruce_planks":40,"minecraft:wooden_pickaxe":2,"mythicmetals:kyber_ingot":6,"mythicmetals:adamantite_pickaxe":2,"minecraft:diamond_pickaxe":3,"minecraft:stick":68,"plentyofarmors:emerald_boots":1,"minecraft:furnace":6,"graveyard:dark_iron_ingot":27,"mythicmetals:mythril_ingot":8,"minecraft:iron_axe":2,"minecraft:cooked_beef":2,"things:socks":1,"minecraft:diamond_sword":6,"extensivediamonds:fused_diamond_sword":1,"mythicmetals:carmot_ingot":5,"minecraft:bucket":2,"minecraft:bread":288,"minecraft:air":0,"minecraft:oak_boat":2,"plentyofarmors:emerald_chestplate":5,"minecraft:acacia_planks":44,"minecraft:torch":44},"minecraft:killed_by":{"minecraft:pillager":2,"minecraft:vindicator":24,"minecraft:zombie":4,"minecraft:vex":2,"minecraft:evoker":2,"minecraft:creeper":5,"minecraft:drowned":1,"minecraft:illusioner":1,"minecraft:player":1,"minecraft:spider":1,"minecraft:skeleton":1},"minecraft:used":{"darkbread:gold_bread":3,"minecraft:ladder":1,"minecraft:chest":8,"graveyard:vase_block":1,"minecraft:cracked_deepslate_tiles":1,"minecraft:snowball":12,"perfectplushies:joosh_plushie":1,"minecraft:lava_bucket":1,"mythicupgrades:aquamarine_crystal_block":1,"minecraft:bow":26,"minecraft:furnace":3,"minecraft:wooden_pickaxe":4,"mythicmetals:orichalcum_shovel":19,"minecraft:golden_apple":2,"minecraft:glow_berries":1,"minecraft:blast_furnace":2,"clutter:cooked_venison":2,"minecraft:deepslate_brick_stairs":2,"minecraft:deepslate_tiles":10,"perfectplushies:rocris_plushie":1,"minecraft:diamond_sword":591,"minecraft:oak_boat":1,"minecraft:iron_bars":2,"minecraft:stone_sword":80,"minecraft:torch":48,"minecraft:iron_axe":205,"minecraft:totem_of_undying":3,"darkbread:diamond_bread":1,"minecraft:acacia_planks":41,"minecraft:cobbled_deepslate":143,"minecraft:water_bucket":47,"minecraft:bundle":1,"minecraft:fletching_table":1,"minecraft:deepslate_bricks":5,"minecraft:salmon":1,"crystals_overhauled:rhodochrosite_axe":13,"minecraft:polished_deepslate_slab":1,"minecraft:mossy_cobblestone":3,"minecraft:crafting_table":12,"minecraft:diamond_pickaxe":2526,"minecraft:iron_pickaxe":4,"plentyofarmors:emerald_helmet":4,"minecraft:cobblestone":293,"minecraft:cooked_porkchop":8,"mythicmetals:adamantite_pickaxe":8,"magistuarmory:rusted_heavymace":4,"perfectplushies:gamerpotion_plushie_rare":1,"minecraft:player_head":2,"minecraft:carrot":15,"minecraft:axolotl_bucket":29,"crystals_overhauled:rhodochrosite_pickaxe":13,"simplyswords:mythicmetals_compat/adamantite/adamantite_twinblade":115,"minecraft:polished_deepslate_stairs":1,"clutter:cooked_venison_ribs":1,"crystals_overhauled:saphire_tool_pickaxe":5,"mythicupgrades:peridot_crystal_block":1,"minecraft:stone_bricks":1,"minecraft:written_book":1,"minecraft:gray_bed":3,"regions_unexplored:spruce_shrub":1,"minecraft:dark_oak_stairs":2,"minecraft:ender_pearl":6,"travelersbackpack:iron_golem":3,"spell_engine:spell_binding":2,"minecraft:diamond_axe":66,"minecraft:sugar_cane":4,"extensivediamonds:fused_diamond_sword":593,"minecraft:bread":81,"minecraft:string":2,"amethyst_imbuement:xp_bush_seed":3,"regions_unexplored:maple_boat":1,"minecraft:experience_bottle":65,"minecraft:cracked_deepslate_bricks":1,"mythicmetals:runite_pickaxe":7,"minecraft:spruce_planks":40,"minecraft:wooden_shovel":19,"regions_unexplored:maple_planks":93,"minecraft:dirt":218,"minecraft:diamond_helmet":1,"minecraft:wooden_axe":31,"minecraft:iron_boots":1,"mythicmetals:adamantite_shovel":22,"minecraft:cooked_beef":1,"minecraft:powder_snow_bucket":2,"minecraft:beetroot_soup":2,"minecraft:cobbled_deepslate_wall":3,"minecraft:cooked_mutton":8,"minecraft:polished_andesite":6,"minecraft:apple":11,"mythicmetals:mythril_pickaxe":9,"simplyswords:iron_sai":16,"minecraft:bucket":80,"pickablevillagers:villager":4,"regions_unexplored:pine_planks":478},"minecraft:broken":{"minecraft:diamond_helmet":1,"immersive_armors:slime_chestplate":1,"minecraft:iron_boots":1,"minecraft:diamond_leggings":1,"minecraft:iron_axe":1,"minecraft:diamond_boots":1,"amethyst_imbuement:steel_leggings":1,"minecraft:diamond_chestplate":2,"minecraft:leather_boots":1},"minecraft:mined":{"minecraft:dark_oak_planks":1,"perfectplushies:turtle_plushie":1,"mythicmetals:deepslate_morkite_ore":21,"minecraft:carved_pumpkin":1,"extensivediamonds:deepslate_dark_diamond_ore":33,"minecraft:granite":55,"mythicmetals:deepslate_adamantite_ore":11,"minecraft:deepslate_bricks":14,"crystals_overhauled:celestite_ore":8,"minecraft:spawner":11,"extensivediamonds:deepslate_green_diamond_ore":36,"minecraft:fire":1,"minecraft:cobbled_deepslate":3,"minecraft:pumpkin":2,"minecraft:deepslate_lapis_ore":2,"minecraft:fletching_table":1,"minecraft:enchanting_table":1,"regions_unexplored:pine_leaves":1,"minecraft:polished_deepslate_slab":2,"minecraft:light_gray_concrete":10,"minecraft:deepslate_brick_stairs":4,"minecraft:player_head":1,"geode_plus:lapis_cluster":4,"soulsweapons:verglas_ore_deepslate":6,"minecraft:powder_snow":57,"soulsweapons:moonstone_ore":2,"minecraft:torch":1,"minecraft:note_block":1,"expores:deepslate_experience_ore":35,"things:deepslate_gleaming_ore":2,"mythicmetals:deepslate_carmot_ore":3,"expores:experience_ore":3,"minecraft:sugar_cane":14,"minecraft:bricks":6,"extensivediamonds:deepslate_red_diamond_ore":20,"minecraft:amethyst_block":4,"regions_unexplored:pine_log":166,"minecraft:skeleton_skull":1,"minecraft:white_terracotta":1,"minecraft:chain":2,"mythicupgrades:peridot_crystal_block":2,"minecraft:grass":6,"minecraft:smooth_quartz":1,"minecraft:smooth_basalt":42,"minecraft:deepslate":974,"minecraft:infested_deepslate":2,"minecraft:deepslate_tiles":11,"regions_unexplored:spruce_shrub":1,"minecraft:mossy_cobblestone":4,"mythicupgrades:deepslate_aquamarine_ore":6,"minecraft:spruce_fence":2,"regions_unexplored:maple_leaves":4,"minecraft:moss_block":2,"mythicmetals:quadrillum_ore":11,"croptopia:corn_crop":1,"minecraft:acacia_wood":11,"minecraft:andesite":40,"mythicmetals:deepslate_mythril_ore":12,"crystals_overhauled:citrine_ore":8,"regions_unexplored:red_maple_leaves":3,"minecraft:glass_pane":9,"geode_plus:large_lapis_bud":1,"crystals_overhauled:heliodor_ore":1,"minecraft:cobbled_deepslate_wall":3,"crystals_overhauled:rhodochrosite_ore":7,"minecraft:emerald_ore":2,"minecraft:tall_grass":3,"minecraft:copper_ore":7,"minecraft:deepslate_gold_ore":1,"mythicmetals:tuff_orichalcum_ore":1,"minecraft:cracked_deepslate_bricks":6,"minecraft:diorite":91,"jewelry:deepslate_gem_vein":3,"minecraft:spruce_log":20,"mythicupgrades:aquamarine_crystal_block":5,"minecraft:gravel":8,"minecraft:dripstone_block":5,"minecraft:cobweb":33,"minecraft:acacia_planks":6,"minecraft:stone_bricks":24,"minecraft:spruce_planks":5,"regions_unexplored:maple_planks":21,"geode_plus:medium_diamond_bud":1,"regions_unexplored:maple_log":31,"mythicupgrades:topaz_crystal_block":14,"crystals_overhauled:peridotite_ore":4,"minecraft:cave_vines_plant":1,"minecraft:budding_amethyst":1,"travelersbackpack:iron_golem":1,"minecraft:grass_block":33,"graveyard:dark_iron_door":1,"mythicmetals:deepslate_orichalcum_ore":10,"minecraft:iron_ore":3,"crystals_overhauled:malachite_ore":6,"graveyard:leaning_wither_skeleton":1,"minecraft:target":1,"minecraft:dark_oak_stairs":2,"minecraft:pointed_dripstone":1,"minecraft:iron_bars":11,"clutter:silver_ore":3,"mythicupgrades:topaz_crystal_cluster":16,"minecraft:cyan_terracotta":3,"minecraft:polished_deepslate_stairs":1,"things:gleaming_ore":2,"minecraft:clay":7,"crystals_overhauled:saphire_ore":15,"minecraft:calcite":45,"perfectplushies:rocris_plushie":1,"minecraft:chest":2,"minecraft:cobblestone":22,"graveyard:skeleton_hand":1,"minecraft:oak_planks":4,"minecraft:wall_torch":3,"geode_plus:diamond_crystal":7,"mythicmetals:aquarium_ore":10,"minecraft:blue_ice":2,"minecraft:cracked_deepslate_tiles":2,"graveyard:creeper_skeleton":1,"minecraft:oak_log":5,"minecraft:sand":8,"minecraft:dirt":45,"mythicmetals:morkite_ore":15,"darkblades:dark_ore":39,"minecraft:netherrack":1,"soulsweapons:verglas_ore":1,"minecraft:tuff":71,"minecraft:deepslate_diamond_ore":18,"mythicmetals:calcite_kyber_ore":4,"minecraft:gray_stained_glass_pane":1,"minecraft:glow_lichen":1,"minecraft:ladder":1,"minecraft:purple_terracotta":15,"minecraft:spruce_leaves":1,"regions_unexplored:pine_planks":34,"minecraft:hay_block":49,"minecraft:spore_blossom":2,"minecraft:furnace":1,"mythicupgrades:aquamarine_crystal_cluster":11,"regions_unexplored:frozen_grass":4,"minecraft:gold_block":1,"soulsweapons:moonstone_ore_deepslate":9,"minecraft:bookshelf":7,"minecraft:deepslate_iron_ore":1,"mythicmetals:carmot_ore":3,"minecraft:lantern":1,"minecraft:packed_ice":2,"regions_unexplored:medium_grass":5,"minecraft:stone":499,"minecraft:pink_terracotta":4,"regions_unexplored:redstone_bulb":1,"mythicmetals:platinum_ore":2,"geode_plus:small_diamond_bud":3,"regions_unexplored:silver_birch_leaf_pile":1,"minecraft:snow_block":3,"minecraft:crafting_table":4,"minecraft:deepslate_coal_ore":14,"mythicmetals:deepslate_runite_ore":1,"witcher_rpg:deepslate_silver_ore":1,"spell_engine:spell_binding":2,"minecraft:magenta_terracotta":4,"minecraft:gray_bed":3,"regions_unexplored:red_maple_leaf_pile":1,"minecraft:coal_ore":62,"graveyard:leaning_skeleton":1,"minecraft:cracked_stone_bricks":1,"minecraft:polished_andesite":8,"geode_plus:large_diamond_bud":4},"minecraft:killed":{"minecraft:cave_spider":15,"graveyard:wraith":21,"minecraft:skeleton":36,"graveyard:acolyte":2,"minecraft:pillager":25,"minecraft:zombie":38,"minecraft:cow":3,"minecraft:evoker":7,"graveyard:corrupted_vindicator":39,"minecraft:vindicator":32,"soulsweapons:dark_sorcerer":2,"clutter:mossbloom":6,"graveyard:skeleton_creeper":1,"minecraft:spider":11,"minecraft:silverfish":3,"minecraft:illusioner":8,"artifacts:mimic":1,"minecraft:pig":2,"minecraft:zombie_villager":1,"minecraft:creeper":13,"minecraft:sheep":6,"minecraft:stray":1,"graveyard:corrupted_pillager":22,"minecraft:vex":24,"graveyard:revenant":4,"minecraft:slime":18,"minecraft:player":3},"minecraft:picked_up":{"minecraft:wooden_axe":2,"minecraft:chainmail_boots":2,"minecraft:creeper_head":3,"minecraft:diamond_sword":4,"minecraft:enchanted_book":1,"minecraft:string":32,"mythicmetals:raw_aquarium":15,"minecraft:cobbled_deepslate":362,"regions_unexplored:pine_log":163,"bosses_of_mass_destruction:soul_star":1,"minecraft:spruce_planks":2,"crystals_overhauled:rhodochrosite":40,"minecraft:written_book":2,"magistuarmory:rusted_heavymace":1,"soulsweapons:soul_robes_chestplate":1,"magistuarmory:rustedcrusader_chestplate":1,"amethyst_imbuement:steel_ingot":1,"minecraft:stone_sword":4,"immersive_armors:robe_leggings":1,"minecraft:carved_pumpkin":1,"minecraft:iron_bars":5,"minecraft:snowball":165,"travelersbackpack:iron_golem":1,"mythicmetals:raw_platinum":3,"extensivediamonds:red_diamond":21,"clutter:pig_plushie":1,"minecraft:diamond_helmet":2,"regions_unexplored:pine_boat":1,"minecraft:moss_block":8,"patchouli:guide_book":4,"perfectplushies:capybara_plushie":1,"minecraft:bundle":3,"minecraft:polished_andesite":6,"minecraft:granite":32,"minecraft:bread":14,"minecraft:bricks":12,"minecraft:diamond_pickaxe":1,"minecraft:crafting_table":4,"minecraft:clay_ball":28,"jewelry:citrine":3,"mythicmetals:raw_adamantite":11,"clutter:raw_silver":8,"minecraft:cracked_stone_bricks":1,"minecraft:beef":8,"regions_unexplored:white_snowbelle":1,"mythicmetals:raw_mythril":13,"minecraft:chest":2,"minecraft:polished_deepslate_slab":2,"immersive_armors:slime_chestplate":1,"minecraft:spruce_fence":1,"minecraft:carrot":19,"minecraft:redstone":3,"minecraft:tnt":1,"perfectplushies:turtle_plushie":1,"clutter:cooked_venison_ribs":2,"minecraft:deepslate_bricks":9,"minecraft:hay_block":51,"spell_engine:spell_binding":2,"minecraft:cracked_deepslate_bricks":3,"minecraft:gold_ingot":2,"minecraft:totem_of_undying":5,"minecraft:glow_berries":1,"minecraft:mutton":3,"minecraft:bone_block":1,"minecraft:white_wool":4,"magistuarmory:rustedhalfarmor_chestplate":1,"minecraft:acacia_wood":11,"amethyst_imbuement:glowing_fragment":6,"minecraft:oak_log":5,"regions_unexplored:red_maple_sapling":1,"minecraft:paper":1,"amethyst_imbuement:glistering_tome":1,"soulsweapons:lost_soul":7,"minecraft:apple":28,"minecraft:stone_bricks":6,"minecraft:spore_blossom":2,"plentyofarmors:emerald_boots":1,"mythicupgrades:peridot_crystal_block":11,"minecraft:gray_bed":3,"minecraft:dark_oak_stairs":2,"minecraft:smooth_basalt":34,"extensivediamonds:dark_diamond":32,"minecraft:spruce_log":10,"magistuarmory:rustedchainmail_leggings":2,"minecraft:firework_rocket":19,"minecraft:slime_ball":51,"minecraft:wheat":14,"soulsweapons:moonstone":10,"regions_unexplored:maple_planks":24,"mythicmetals:raw_kyber":6,"mythicupgrades:topaz_crystal_shard":64,"minecraft:raw_copper":23,"minecraft:zombie_head":14,"minecraft:experience_bottle":3,"minecraft:deepslate_tiles":14,"minecraft:calcite":13,"minecraft:wooden_shovel":1,"minecraft:smooth_quartz":1,"minecraft:furnace":1,"minecraft:iron_boots":2,"minecraft:stick":28,"mythicmetals:raw_carmot":8,"minecraft:polished_deepslate_stairs":1,"minecraft:torch":7,"minecraft:porkchop":7,"soulsweapons:soul_robes_leggings":1,"minecraft:diorite":64,"mythicmetals:morkite":119,"mythicupgrades:aquamarine":6,"minecraft:rotten_flesh":72,"minecraft:deepslate_brick_stairs":4,"minecraft:cobblestone":408,"minecraft:enchanting_table":1,"minecraft:andesite":40,"minecraft:potato":20,"things:socks":1,"minecraft:tuff":1,"graveyard:dark_iron_door":1,"clutter:silver_coin":4,"minecraft:lapis_lazuli":58,"minecraft:dirt":285,"minecraft:name_tag":2,"minecraft:leather_boots":4,"minecraft:bone":34,"croptopia:corn":1,"minecraft:acacia_planks":9,"croptopia:sweetpotato":1,"minecraft:bow":3,"minecraft:cobbled_deepslate_wall":3,"minecraft:wheat_seeds":5,"crystals_overhauled:citrine":21,"minecraft:fletching_table":1,"minecraft:oak_planks":15,"graveyard:bone_dagger":1,"regions_unexplored:pine_planks":68,"immersive_armors:robe_chestplate":1,"minecraft:sand":12,"mythicmetals:raw_quadrillum":17,"perfectplushies:panda_plushie":1,"minecraft:mossy_cobblestone":3,"minecraft:light_gray_concrete":1,"clutter:cooked_venison":7,"perfectplushies:rubber_duck_plushie":2,"clutter:copper_coin":118,"minecraft:diamond":42,"magistuarmory:corruptedroundshield":1,"crystals_overhauled:saphire_tool_pickaxe":1,"soulsweapons:verglas":6,"minecraft:spruce_sign":2,"minecraft:emerald":12,"things:gleaming_powder":4,"minecraft:ladder":1,"simplyswords:iron_sai":1,"minecraft:wooden_pickaxe":1,"minecraft:chain":2,"regions_unexplored:red_maple_leaf_pile":2,"minecraft:shield":1,"perfectplushies:robin_plushie":1,"minecraft:iron_axe":3,"regions_unexplored:spruce_shrub":1,"crystals_overhauled:peridotite":10,"perfectbirbs:crow_plushie":2,"graveyard:corruption":34,"crystals_overhauled:malachite":11,"more_jewels:peridot":2,"minecraft:oak_boat":1,"minecraft:player_head":7,"minecraft:light_gray_wool":1,"minecraft:sugar_cane":52,"mythicmetals:raw_orichalcum":12,"minecraft:raw_iron":1,"regions_unexplored:silver_birch_leaf_pile":3,"minecraft:note_block":1,"immersive_armors:robe_boots":1,"crystals_overhauled:saphire":23,"mythicupgrades:aquamarine_crystal_shard":40,"minecraft:purple_terracotta":6,"mythicmetals:raw_runite":3,"minecraft:arrow":80,"minecraft:saddle":2,"minecraft:skeleton_skull":8,"minecraft:cracked_deepslate_tiles":1,"clutter:raw_venison":3,"minecraft:glow_ink_sac":6,"extensivediamonds:fused_diamond_sword":1,"mythicupgrades:aquamarine_crystal_block":4,"perfectplushies:rocris_plushie":1,"artifacts:onion_ring":1,"minecraft:chainmail_chestplate":2,"minecraft:gunpowder":4,"extensivediamonds:green_diamond":36,"nyfsbp:moon_banner_pattern":2,"minecraft:iron_ingot":28,"clutter:raw_venison_ribs":2,"darkblades:dark_dust":116,"minecraft:book":7,"croptopia:cucumber_seed":1,"minecraft:blast_furnace":2,"minecraft:spider_eye":16,"clutter:mossbloom_antler":7,"witcher_rpg:raw_silver":1,"things:monocle":1,"magistuarmory:rustedchainmail_helmet":1,"magistuarmory:rusted_bastardsword":1,"minecraft:chainmail_leggings":2,"regions_unexplored:maple_log":31,"immersive_armors:heavy_boots":1,"mythicmetals:mythril_pickaxe":1,"minecraft:coal":82,"crystals_overhauled:celestite":17}},"DataVersion":3465}