{"stats":{"minecraft:dropped":{"minecraft:porkchop":8,"minecraft:lapis_lazuli":12,"minecraft:golden_pickaxe":1,"minecraft:glass_bottle":3,"croptopia:cucumber":2,"minecraft:crossbow":2,"minecraft:fletching_table":1,"minecraft:cracked_stone_bricks":1,"minecraft:saddle":1,"regions_unexplored:bleeding_heart":2,"clutter:sheep_plushie":1,"croptopia:chile_pepper_seed":3,"minecraft:flint":4,"minecraft:dirt":68,"minecraft:cornflower":1,"minecraft:mutton":18,"croptopia:pepper":1,"minecraft:gold_nugget":1,"minecraft:bone_block":1,"minecraft:sand":16,"croptopia:mustard_seed":2,"minecraft:white_wool":1,"croptopia:soybean":3,"minecraft:bone":26,"extensivediamonds:dark_diamond_sword":4,"minecraft:gravel":32,"croptopia:corn":1,"minecraft:cobbled_deepslate":65,"minecraft:wheat":8,"croptopia:oat_seed":7,"minecraft:rotten_flesh":28,"croptopia:chile_pepper":1,"minecraft:carrot":4,"witcher_rpg:silver_witcher_sword":1,"minecraft:poppy":6,"minecraft:skeleton_skull":16,"minecraft:leather_boots":1,"magistuarmory:rustedchainmail_boots":1,"croptopia:barley":1,"croptopia:mustard":1,"perfectbirbs:macaw_plushie":1,"minecraft:iron_ingot":6,"minecraft:bread":7,"minecraft:wheat_seeds":77,"perfectbirbs:european_robin_plushie":1,"clutter:copper_coin":21,"minecraft:cobblestone":103,"minecraft:apple":9,"minecraft:granite":25,"croptopia:soybean_seed":4,"minecraft:coal":3,"minecraft:stick":19,"regions_unexplored:red_maple_sapling":1,"minecraft:gray_wool":2,"minecraft:diorite":4,"minecraft:torch":1,"minecraft:zombie_head":18,"regions_unexplored:silver_birch_leaf_pile":5,"mythicupgrades:aquamarine_crystal_block":19,"minecraft:string":9,"minecraft:trapped_chest":1,"minecraft:dandelion":3,"minecraft:smooth_basalt":36,"croptopia:oat":5,"minecraft:moss_carpet":1,"minecraft:creeper_head":1,"minecraft:player_head":1,"minecraft:stone_sword":1,"minecraft:raw_copper":12,"croptopia:cucumber_seed":2,"croptopia:bellpepper_seed":6,"minecraft:potato":1,"minecraft:flower_pot":1,"magistuarmory:rustedchainmail_helmet":1,"regions_unexplored:white_snowbelle":2,"perfectbirbs:osprey_plushie":1,"minecraft:andesite":57,"minecraft:spider_eye":16,"minecraft:bow":7,"croptopia:pepper_seed":1,"minecraft:red_tulip":1,"regions_unexplored:orange_maple_leaf_pile":2,"minecraft:calcite":44,"minecraft:black_wool":1},"minecraft:crafted":{"minecraft:oak_planks":136,"mythicmetals:platinum_ingot":5,"travelersbackpack:crafting_upgrade":1,"regions_unexplored:maple_planks":116,"witcher_rpg:silver_witcher_sword":1,"minecraft:glass":83,"minecraft:iron_boots":1,"minecraft:chest":17,"mythicmetals:tin_ingot":3,"extensivediamonds:dark_diamond_sword":5,"minecraft:diamond_axe":1,"minecraft:crafting_table":4,"travelersbackpack:standard":2,"crystals_overhauled:malachite_armor_armor_boots":2,"minecraft:wooden_pickaxe":2,"minecraft:baked_potato":61,"crystals_overhauled:rhodochrosite_axe":1,"minecraft:copper_ingot":114,"crystals_overhauled:malachite_armor_armor_chestplate":1,"simplyswords:iron_glaive":1,"mythicmetals:kyber_ingot":10,"minecraft:iron_chestplate":1,"minecraft:diamond_pickaxe":1,"minecraft:stick":56,"minecraft:iron_ingot":43,"minecraft:iron_pickaxe":5,"minecraft:gold_ingot":28,"crystals_overhauled:malachite_armor_armor_helmet":1,"mythicmetals:manganese_ingot":22,"things:monocle":1,"darkblades:dark_ingot":41,"minecraft:oak_door":3,"minecraft:raw_iron":63,"mythicmetals:quadrillum_ingot":4,"minecraft:furnace":1,"travelersbackpack:blank_upgrade":4,"minecraft:glass_pane":64,"minecraft:flint_and_steel":1,"travelersbackpack:white_sleeping_bag":1,"mythicmetals:mythril_ingot":4,"mythicmetals:adamantite_ingot":6,"minecraft:stone_pickaxe":2,"mythicmetals:mythril_pickaxe":1,"minecraft:cooked_beef":2,"crystals_overhauled:malachite_armor_armor_leggings":2,"mythicmetals:carmot_ingot":1,"travelersbackpack:backpack_tank":4,"minecraft:golden_shovel":1,"mythicmetals:silver_ingot":22,"minecraft:bucket":1,"minecraft:stone_axe":2,"simplyswords:gold_glaive":1,"minecraft:air":0,"regions_unexplored:pine_planks":12,"minecraft:iron_shovel":1,"minecraft:iron_leggings":1,"minecraft:white_bed":1,"minecraft:torch":148,"mythicmetals:orichalcum_ingot":6,"mythicmetals:aquarium_ingot":10},"minecraft:custom":{"lootr:looted_stat":82,"minecraft:interact_with_crafting_table":73,"minecraft:bell_ring":1,"minecraft:leave_game":7,"minecraft:time_since_death":2412,"minecraft:damage_resisted":526,"minecraft:sprint_one_cm":684455,"minecraft:drop":178,"minecraft:talked_to_villager":3,"minecraft:play_time":409686,"minecraft:deaths":27,"minecraft:jump":5020,"minecraft:walk_on_water_one_cm":43267,"minecraft:interact_with_furnace":72,"minecraft:interact_with_loom":1,"minecraft:sleep_in_bed":9,"minecraft:damage_dealt":13580,"minecraft:crouch_one_cm":83403,"minecraft:interact_with_smithing_table":5,"minecraft:mob_kills":78,"minecraft:damage_dealt_resisted":12486,"minecraft:climb_one_cm":736,"minecraft:walk_one_cm":540082,"minecraft:damage_dealt_absorbed":5804,"minecraft:sneak_time":31568,"minecraft:walk_under_water_one_cm":17190,"minecraft:boat_one_cm":9175,"minecraft:interact_with_blast_furnace":55,"minecraft:total_world_time":409686,"minecraft:interact_with_grindstone":1,"minecraft:hex":0,"minecraft:time_since_rest":2440,"minecraft:damage_absorbed":3207,"minecraft:damage_taken":11263,"minecraft:swim_one_cm":27170,"minecraft:fly_one_cm":849208,"minecraft:open_chest":262,"minecraft:fall_one_cm":141514},"minecraft:killed_by":{"minecraft:creeper":8,"minecraft:vindicator":1,"minecraft:zombie":14,"minecraft:spider":2,"minecraft:skeleton":1},"minecraft:used":{"regions_unexplored:pine_planks":6,"minecraft:iron_shovel":205,"minecraft:chest":17,"lootr:trophy":3,"minecraft:player_head":2,"perfectbirbs:flamingo_plushie":3,"minecraft:glass":44,"minecraft:lava_bucket":11,"mythicupgrades:aquamarine_crystal_block":1,"minecraft:stone_bricks":4,"minecraft:bow":19,"minecraft:hay_block":3,"minecraft:oak_sapling":23,"minecraft:furnace":1,"minecraft:skeleton_skull":5,"minecraft:potato":7,"croptopia:sweetpotato_seed":2,"minecraft:diorite":5,"minecraft:stone_pickaxe":157,"minecraft:oak_planks":16,"minecraft:wooden_pickaxe":42,"clutter:pig_plushie":1,"minecraft:sugar_cane":11,"croptopia:kale_seed":3,"minecraft:sand":15,"minecraft:blast_furnace":2,"minecraft:crossbow":18,"perfectplushies:rocris_plushie":2,"minecraft:zombie_head":3,"regions_unexplored:pine_boat":4,"minecraft:bread":56,"croptopia:cucumber_seed":5,"minecraft:diamond_ore":1,"minecraft:diamond_sword":2,"amethyst_imbuement:xp_bush_seed":1,"minecraft:smithing_table":3,"simplyswords:iron_glaive":168,"minecraft:golden_pickaxe":32,"croptopia:corn":1,"minecraft:experience_bottle":6,"extensivediamonds:dark_diamond_sword":82,"minecraft:stone_sword":40,"minecraft:flint_and_steel":32,"croptopia:bellpepper_seed":2,"perfectplushies:capybara_plushie":1,"minecraft:oak_door":2,"regions_unexplored:maple_planks":67,"minecraft:torch":167,"minecraft:dirt":249,"minecraft:golden_shovel":32,"croptopia:oat_seed":1,"minecraft:iron_hoe":68,"clutter:sheep_plushie":1,"minecraft:goat_horn":16,"perfectplushies:turtle_plushie":1,"minecraft:cobbled_deepslate":172,"minecraft:wheat_seeds":75,"minecraft:water_bucket":53,"minecraft:bundle":1,"croptopia:corn_seed":3,"crystals_overhauled:rhodochrosite_axe":59,"minecraft:mossy_cobblestone":2,"minecraft:crafting_table":5,"minecraft:red_bed":2,"minecraft:white_bed":1,"minecraft:diamond_pickaxe":1149,"mythicmetals:mythril_pickaxe":69,"minecraft:iron_pickaxe":957,"minecraft:stone_axe":135,"minecraft:cobblestone":364,"travelersbackpack:standard":15,"minecraft:glass_pane":19,"perfectplushies:gamerpotion_plushie":2,"minecraft:bucket":72},"minecraft:broken":{"minecraft:iron_shovel":1,"minecraft:golden_shovel":1,"minecraft:stone_pickaxe":1,"crystals_overhauled:malachite_armor_armor_helmet":1,"minecraft:stone_axe":1,"crystals_overhauled:malachite_armor_armor_chestplate":1,"crystals_overhauled:malachite_armor_armor_leggings":1,"minecraft:wooden_pickaxe":1,"minecraft:leather_boots":1,"minecraft:iron_pickaxe":5,"minecraft:golden_pickaxe":1},"minecraft:mined":{"croptopia:bellpepper_crop":2,"minecraft:white_bed":1,"regions_unexplored:maple_planks":4,"regions_unexplored:maple_log":30,"mythicupgrades:topaz_crystal_block":5,"extensivediamonds:deepslate_dark_diamond_ore":30,"regions_unexplored:bleeding_heart":1,"minecraft:granite":58,"minecraft:grass_block":174,"mythicmetals:deepslate_adamantite_ore":6,"clutter:deepslate_silver_ore":1,"crystals_overhauled:celestite_ore":12,"minecraft:oxeye_daisy":2,"mythicmetals:deepslate_orichalcum_ore":6,"minecraft:magma_block":2,"extensivediamonds:deepslate_green_diamond_ore":25,"minecraft:iron_ore":43,"minecraft:cobbled_deepslate":6,"minecraft:fire":3,"crystals_overhauled:malachite_ore":20,"minecraft:deepslate_lapis_ore":4,"minecraft:azure_bluet":2,"minecraft:skeleton_wall_skull":8,"minecraft:deepslate_redstone_ore":20,"minecraft:red_bed":2,"soulsweapons:verglas_ore_deepslate":1,"things:gleaming_ore":1,"expores:deepslate_experience_ore":14,"croptopia:oat_crop":3,"minecraft:torch":18,"things:deepslate_gleaming_ore":3,"perfectplushies:gamerpotion_plushie":1,"crystals_overhauled:saphire_ore":6,"minecraft:blast_furnace":2,"minecraft:calcite":41,"perfectplushies:rocris_plushie":1,"minecraft:poppy":4,"mythicmetals:deepslate_carmot_ore":1,"minecraft:chest":9,"expores:experience_ore":21,"minecraft:cobblestone":25,"minecraft:oak_planks":1,"minecraft:sugar_cane":3,"minecraft:wall_torch":5,"extensivediamonds:deepslate_red_diamond_ore":61,"regions_unexplored:pine_log":3,"farmersdelight:sandy_shrub":3,"lootr:trophy":2,"mythicmetals:aquarium_ore":4,"mythicmetals:manganese_ore":18,"minecraft:wheat":25,"geode_plus:small_redstone_bud":1,"croptopia:chile_pepper_crop":1,"mythicupgrades:peridot_crystal_block":7,"minecraft:grass":467,"minecraft:oak_log":80,"minecraft:dirt":196,"minecraft:sand":95,"mythicmetals:morkite_ore":40,"darkblades:dark_ore":88,"minecraft:smooth_basalt":36,"minecraft:oak_leaves":4,"minecraft:deepslate":341,"soulsweapons:verglas_ore":2,"croptopia:cucumber_crop":2,"minecraft:diamond_ore":1,"minecraft:tuff":16,"minecraft:mossy_cobblestone":3,"minecraft:deepslate_diamond_ore":12,"croptopia:kale_crop":2,"mythicmetals:calcite_kyber_ore":8,"clutter:sheep_plushie":1,"mythicmetals:silver_ore":15,"minecraft:spruce_leaves":1,"regions_unexplored:pine_planks":3,"croptopia:barley_crop":1,"minecraft:hay_block":3,"mythicmetals:quadrillum_ore":4,"mythicupgrades:peridot_crystal_cluster":3,"croptopia:corn_crop":4,"croptopia:soybean_crop":3,"minecraft:andesite":84,"mythicmetals:tin_ore":2,"mythicmetals:deepslate_mythril_ore":5,"soulsweapons:moonstone_ore_deepslate":11,"crystals_overhauled:citrine_ore":17,"minecraft:deepslate_iron_ore":3,"minecraft:cobblestone_slab":1,"regions_unexplored:red_maple_leaves":3,"regions_unexplored:medium_grass":2,"minecraft:stone":840,"minecraft:bone_block":3,"minecraft:smithing_table":3,"mythicmetals:platinum_ore":12,"minecraft:glass_pane":1,"perfectbirbs:flamingo_plushie":2,"crystals_overhauled:heliodor_ore":5,"minecraft:dandelion":7,"geode_plus:redstone_crystal":3,"croptopia:sweetpotato_crop":2,"travelersbackpack:standard":1,"minecraft:crafting_table":3,"minecraft:cornflower":1,"crystals_overhauled:rhodochrosite_ore":7,"minecraft:emerald_ore":1,"minecraft:copper_ore":65,"minecraft:tall_grass":64,"mythicmetals:deepslate_runite_ore":1,"minecraft:diorite":44,"jewelry:deepslate_gem_vein":2,"mythicupgrades:aquamarine_crystal_block":20,"geode_plus:large_redstone_bud":2,"minecraft:coal_ore":201,"minecraft:gravel":20,"minecraft:cracked_stone_bricks":1,"minecraft:stone_bricks":3,"minecraft:gold_ore":8,"mythicmetals:banglum_ore":18},"minecraft:killed":{"graveyard:skeleton_creeper":4,"minecraft:spider":5,"minecraft:skeleton":18,"minecraft:pig":4,"minecraft:creeper":10,"minecraft:sheep":3,"minecraft:pillager":3,"minecraft:zombie":29,"minecraft:cow":1},"minecraft:picked_up":{"minecraft:wheat":27,"minecraft:creeper_head":8,"minecraft:flower_pot":1,"croptopia:kale":2,"minecraft:smithing_table":3,"minecraft:diamond_sword":1,"soulsweapons:moonstone":11,"minecraft:enchanted_book":1,"regions_unexplored:maple_planks":68,"mythicmetals:raw_kyber":12,"amethyst_imbuement:empty_spell_scroll":1,"minecraft:string":13,"minecraft:raw_copper":236,"mythicmetals:raw_aquarium":10,"minecraft:experience_bottle":6,"minecraft:zombie_head":27,"minecraft:cobbled_deepslate":333,"regions_unexplored:pine_log":3,"minecraft:gold_nugget":2,"minecraft:bucket":2,"crystals_overhauled:rhodochrosite":20,"minecraft:cobblestone_slab":1,"minecraft:calcite":44,"croptopia:mustard_seed":2,"minecraft:diamond_ore":1,"minecraft:stick":51,"mythicmetals:raw_carmot":1,"croptopia:cucumber":4,"croptopia:barley_seed":4,"minecraft:torch":28,"minecraft:porkchop":10,"minecraft:diorite":41,"mythicmetals:morkite":88,"minecraft:stone_sword":2,"minecraft:rotten_flesh":54,"mythicmetals:raw_manganese":22,"crystals_overhauled:heliodor":14,"minecraft:red_tulip":1,"minecraft:cobblestone":877,"minecraft:magma_block":2,"minecraft:cooked_beef":1,"magistuarmory:rustedchainmail_boots":1,"minecraft:andesite":82,"minecraft:potato":79,"minecraft:flint":4,"minecraft:tuff":4,"amethyst_imbuement:book_of_lore":1,"mythicmetals:raw_platinum":17,"minecraft:lapis_lazuli":71,"minecraft:dirt":397,"lootr:trophy":3,"perfectplushies:gamerpotion_plushie":1,"minecraft:leather_boots":1,"minecraft:bone":50,"croptopia:corn":8,"croptopia:sweetpotato":3,"minecraft:bow":9,"minecraft:wheat_seeds":181,"extensivediamonds:red_diamond":64,"minecraft:raw_gold":9,"crystals_overhauled:citrine":26,"croptopia:bellpepper":3,"jewelry:sapphire":1,"minecraft:fletching_table":1,"regions_unexplored:pine_boat":4,"croptopia:kale_seed":3,"mythicmetals:raw_silver":25,"croptopia:chile_pepper_seed":5,"croptopia:mustard":1,"regions_unexplored:pine_planks":6,"minecraft:sand":125,"mythicmetals:raw_quadrillum":5,"croptopia:oat":9,"minecraft:trapped_chest":1,"minecraft:mossy_cobblestone":2,"croptopia:chile_pepper":2,"clutter:sheep_plushie":1,"minecraft:bundle":1,"clutter:copper_coin":21,"minecraft:diamond":23,"minecraft:crossbow":1,"minecraft:granite":47,"soulsweapons:verglas":3,"minecraft:emerald":35,"minecraft:bread":7,"rogues:iron_dagger":1,"minecraft:oak_sapling":13,"minecraft:crafting_table":3,"minecraft:azure_bluet":1,"things:gleaming_powder":4,"croptopia:sweetpotato_seed":6,"minecraft:wooden_pickaxe":1,"minecraft:cornflower":2,"minecraft:red_bed":2,"minecraft:moss_carpet":1,"croptopia:bellpepper_seed":13,"croptopia:soybean":4,"minecraft:cracked_stone_bricks":1,"clutter:raw_silver":3,"mythicmetals:raw_adamantite":6,"crystals_overhauled:malachite":36,"more_jewels:peridot":1,"minecraft:beef":2,"minecraft:player_head":10,"croptopia:pepper_seed":1,"regions_unexplored:white_snowbelle":2,"minecraft:poppy":9,"mythicmetals:raw_mythril":5,"minecraft:sugar_cane":11,"minecraft:chest":9,"regions_unexplored:bleeding_heart":2,"mythicmetals:raw_orichalcum":6,"minecraft:raw_iron":46,"croptopia:corn_seed":10,"regions_unexplored:silver_birch_leaf_pile":5,"croptopia:soybean_seed":5,"minecraft:copper_ingot":3,"magistuarmory:rustedkettlehat":1,"mythicmetals:raw_tin":3,"crystals_overhauled:saphire":13,"minecraft:carrot":24,"minecraft:redstone":98,"mythicmetals:raw_runite":2,"minecraft:arrow":80,"minecraft:hay_block":3,"minecraft:saddle":2,"croptopia:pepper":1,"minecraft:bone_block":5,"minecraft:mutton":14,"minecraft:skeleton_skull":24,"minecraft:white_wool":4,"mythicmetals:raw_banglum":36,"minecraft:salmon":2,"mythicupgrades:aquamarine_crystal_block":20,"minecraft:leather":5,"perfectplushies:rocris_plushie":1,"perfectbirbs:flamingo_plushie":2,"minecraft:oak_log":81,"regions_unexplored:red_maple_sapling":1,"minecraft:gunpowder":10,"extensivediamonds:green_diamond":25,"minecraft:cooked_mutton":4,"minecraft:apple":10,"croptopia:barley":1,"minecraft:stone_bricks":4,"minecraft:iron_ingot":20,"minecraft:stone_pickaxe":1,"darkblades:dark_dust":168,"minecraft:glass_bottle":5,"regions_unexplored:orange_maple_leaf_pile":2,"jewelry:topaz":1,"minecraft:smooth_basalt":36,"darkblades:dark_soul_ammo":10,"extensivediamonds:dark_diamond":25,"minecraft:dandelion":6,"croptopia:cucumber_seed":7,"minecraft:gravel":32,"minecraft:blast_furnace":2,"minecraft:white_bed":1,"magistuarmory:rustedchainmail_leggings":1,"minecraft:spider_eye":32,"simplyswords:gold_glaive":1,"travelersbackpack:standard":1,"minecraft:firework_rocket":29,"magistuarmory:rustedchainmail_helmet":1,"croptopia:oat_seed":13,"mythicupgrades:peridot_crystal_shard":12,"more_jewels:aquamarine":1,"regions_unexplored:maple_log":29,"minecraft:gray_wool":3,"minecraft:black_wool":1,"crystals_overhauled:celestite":25,"minecraft:coal":230}},"DataVersion":3465}