{"stats":{"minecraft:dropped":{"minecraft:candle":1,"minecraft:porkchop":8,"minecraft:lapis_lazuli":21,"minecraft:oak_log":21,"minecraft:glass_bottle":3,"minecraft:golden_pickaxe":1,"croptopia:cucumber":3,"minecraft:crossbow":2,"mythicmetals:raw_runite":2,"minecraft:fletching_table":1,"minecraft:cracked_stone_bricks":1,"regions_unexplored:bleeding_heart":2,"minecraft:saddle":1,"crystals_overhauled:citrine_armor_boots":2,"clutter:sheep_plushie":1,"crystals_overhauled:saphire_tool_pickaxe":2,"croptopia:chile_pepper_seed":3,"minecraft:emerald":1,"minecraft:flint":6,"minecraft:dirt":121,"minecraft:cornflower":2,"minecraft:mutton":18,"magistuarmory:rusted_bastardsword":1,"croptopia:pepper":1,"minecraft:gold_nugget":1,"minecraft:pumpkin_pie":4,"minecraft:bone_block":1,"minecraft:sand":49,"croptopia:mustard_seed":2,"minecraft:fishing_rod":1,"minecraft:white_wool":2,"croptopia:soybean":3,"minecraft:bone":28,"extensivediamonds:dark_diamond_sword":4,"magistuarmory:rustedchainmail_leggings":3,"minecraft:gravel":34,"croptopia:corn":1,"minecraft:sugar_cane":2,"minecraft:iron_nugget":4,"minecraft:cobbled_deepslate":115,"minecraft:wheat":8,"croptopia:oat_seed":7,"minecraft:rotten_flesh":44,"croptopia:chile_pepper":1,"minecraft:oak_planks":11,"minecraft:azure_bluet":1,"minecraft:carrot":4,"witcher_rpg:silver_witcher_sword":1,"minecraft:poppy":6,"things:monocle":1,"crystals_overhauled:heliodor":24,"minecraft:gunpowder":12,"minecraft:skeleton_skull":17,"minecraft:leather_boots":1,"minecraft:arrow":6,"magistuarmory:rustedchainmail_boots":1,"croptopia:barley":1,"croptopia:mustard":1,"perfectbirbs:macaw_plushie":1,"minecraft:firework_rocket":3,"minecraft:enchanted_book":4,"minecraft:iron_ingot":6,"minecraft:bread":7,"minecraft:wheat_seeds":94,"simplyswords:iron_greataxe":1,"minecraft:dripstone_block":1,"perfectbirbs:european_robin_plushie":1,"clutter:copper_coin":21,"minecraft:book":1,"minecraft:cobblestone":293,"minecraft:apple":9,"crystals_overhauled:rhodochrosite":19,"minecraft:granite":25,"croptopia:soybean_seed":4,"minecraft:coal":8,"minecraft:stick":19,"minecraft:oxeye_daisy":1,"regions_unexplored:red_maple_sapling":1,"minecraft:gray_wool":2,"minecraft:diorite":5,"minecraft:torch":1,"minecraft:zombie_head":33,"mythicmetals:mythril_pickaxe":2,"minecraft:iron_leggings":1,"mythicmetals:adamantite_pickaxe":1,"regions_unexplored:silver_birch_leaf_pile":5,"mythicupgrades:aquamarine_crystal_block":31,"minecraft:paper":9,"minecraft:string":20,"minecraft:trapped_chest":1,"minecraft:bucket":2,"minecraft:smooth_basalt":49,"minecraft:dandelion":8,"croptopia:oat":5,"minecraft:moss_carpet":1,"minecraft:creeper_head":3,"regions_unexplored:pine_planks":1,"minecraft:player_head":2,"minecraft:stone_sword":1,"minecraft:raw_copper":30,"croptopia:cucumber_seed":4,"minecraft:tuff":7,"minecraft:raw_iron":8,"fallenwizardsmod:fallen_wizards_fire_spell_book":1,"croptopia:corn_seed":2,"darkblades:dark_dust":2,"croptopia:bellpepper_seed":6,"minecraft:potato":8,"minecraft:flower_pot":1,"magistuarmory:rustedchainmail_helmet":2,"perfectbirbs:osprey_plushie":1,"regions_unexplored:white_snowbelle":2,"minecraft:diamond_pickaxe":1,"minecraft:andesite":72,"mythicmetals:adamantite_shovel":1,"minecraft:spider_eye":32,"minecraft:bow":8,"croptopia:pepper_seed":1,"minecraft:red_tulip":1,"regions_unexplored:orange_maple_leaf_pile":2,"minecraft:calcite":55,"minecraft:black_wool":1,"simplyswords:iron_greathammer":1},"minecraft:crafted":{"minecraft:oak_planks":408,"minecraft:cobblestone_slab":6,"mythicmetals:platinum_ingot":5,"travelersbackpack:crafting_upgrade":1,"regions_unexplored:maple_planks":116,"crystals_overhauled:saphire_armor_armor_leggings":1,"witcher_rpg:silver_witcher_sword":1,"minecraft:stone":6,"minecraft:bookshelf":4,"variantshields:oak_diamond_shield":1,"simplyswords:iron_greataxe":1,"minecraft:glass":83,"minecraft:diamond_helmet":1,"minecraft:diamond_leggings":1,"minecraft:iron_boots":1,"minecraft:chest":21,"minecraft:copper_block":14,"mythicmetals:tin_ingot":3,"minecraft:cooked_porkchop":5,"minecraft:emerald":162,"extensivediamonds:dark_diamond_sword":5,"minecraft:cauldron":4,"minecraft:diamond_axe":1,"minecraft:crafting_table":4,"travelersbackpack:standard":3,"crystals_overhauled:malachite_armor_armor_boots":2,"minecraft:wooden_pickaxe":2,"minecraft:baked_potato":61,"soulsweapons:kirkhammer":1,"crystals_overhauled:rhodochrosite_axe":1,"minecraft:copper_ingot":196,"crystals_overhauled:malachite_armor_armor_chestplate":1,"simplyswords:iron_glaive":1,"minecraft:tnt":1,"mythicmetals:kyber_ingot":10,"mythicmetals:adamantite_pickaxe":1,"minecraft:iron_chestplate":1,"minecraft:paper":9,"minecraft:diamond_pickaxe":1,"minecraft:emerald_block":36,"minecraft:stick":116,"minecraft:iron_ingot":124,"minecraft:iron_pickaxe":5,"minecraft:iron_block":7,"crystals_overhauled:saphire_tool_pickaxe":1,"minecraft:gold_ingot":81,"crystals_overhauled:saphire_armor_armor_helmet":1,"crystals_overhauled:malachite_armor_armor_helmet":1,"mythicmetals:manganese_ingot":22,"things:monocle":1,"minecraft:shears":1,"darkblades:dark_ingot":181,"minecraft:golden_carrot":10,"minecraft:oak_door":6,"minecraft:raw_iron":63,"minecraft:iron_nugget":18,"mythicmetals:quadrillum_ingot":45,"minecraft:furnace":1,"immersive_melodies:triangle":1,"darkblades:dark_ingot_bundle":46,"travelersbackpack:blank_upgrade":4,"travelersbackpack:gold_tier_upgrade":1,"minecraft:glass_pane":64,"minecraft:flint_and_steel":1,"mythicmetals:mythril_ingot":13,"travelersbackpack:white_sleeping_bag":1,"crystals_overhauled:saphire_armor_armor_chestplate":1,"mythicmetals:runite_ingot":7,"mythicmetals:adamantite_ingot":14,"minecraft:ladder":12,"travelersbackpack:gold":1,"minecraft:stone_pickaxe":2,"minecraft:diamond_boots":1,"soulsweapons:moonstone_pickaxe":1,"mythicmetals:mythril_pickaxe":1,"minecraft:redstone_block":14,"minecraft:cooked_beef":2,"minecraft:coal_block":30,"crystals_overhauled:malachite_armor_armor_leggings":2,"mythicmetals:carmot_ingot":4,"travelersbackpack:backpack_tank":4,"minecraft:iron_sword":2,"minecraft:golden_shovel":1,"mythicmetals:silver_ingot":22,"minecraft:bucket":1,"minecraft:stone_axe":2,"minecraft:enchanted_book":10,"simplyswords:gold_glaive":1,"simplyswords:iron_greathammer":2,"minecraft:air":0,"crystals_overhauled:saphire_armor_armor_boots":1,"regions_unexplored:pine_planks":12,"minecraft:gold_nugget":45,"minecraft:raw_gold":45,"minecraft:iron_shovel":1,"minecraft:iron_leggings":1,"minecraft:anvil":2,"minecraft:white_bed":1,"minecraft:torch":148,"mythicmetals:orichalcum_ingot":6,"mythicmetals:aquarium_ingot":10,"minecraft:diamond_chestplate":1},"minecraft:custom":{"lootr:looted_stat":99,"minecraft:interact_with_crafting_table":113,"minecraft:bell_ring":1,"minecraft:leave_game":10,"minecraft:time_since_death":2299,"minecraft:damage_resisted":842,"minecraft:sprint_one_cm":1083802,"minecraft:damage_blocked_by_shield":1800,"minecraft:drop":309,"minecraft:talked_to_villager":46,"minecraft:play_time":697870,"minecraft:deaths":34,"minecraft:jump":8103,"minecraft:walk_on_water_one_cm":72226,"minecraft:interact_with_furnace":86,"minecraft:traded_with_villager":10,"minecraft:interact_with_cartography_table":1,"minecraft:interact_with_loom":1,"minecraft:sleep_in_bed":16,"minecraft:damage_dealt":24927,"minecraft:crouch_one_cm":160062,"minecraft:interact_with_smoker":8,"minecraft:interact_with_smithing_table":7,"minecraft:interact_with_anvil":11,"minecraft:mob_kills":125,"minecraft:damage_dealt_resisted":19730,"minecraft:climb_one_cm":12216,"minecraft:walk_one_cm":1013207,"minecraft:damage_dealt_absorbed":9728,"minecraft:sneak_time":55460,"minecraft:walk_under_water_one_cm":59651,"minecraft:boat_one_cm":11339,"minecraft:interact_with_blast_furnace":97,"minecraft:total_world_time":697870,"minecraft:interact_with_grindstone":1,"minecraft:hex":0,"minecraft:time_since_rest":2325,"minecraft:damage_absorbed":8670,"minecraft:damage_taken":15032,"minecraft:swim_one_cm":87805,"minecraft:fly_one_cm":1440317,"minecraft:open_chest":483,"minecraft:fall_one_cm":288446},"minecraft:killed_by":{"minecraft:creeper":11,"minecraft:vindicator":1,"minecraft:zombie":14,"minecraft:player":3,"minecraft:spider":2,"minecraft:enderman":1,"minecraft:skeleton":1},"minecraft:used":{"regions_unexplored:pine_planks":7,"mythicmetals:adamantite_pickaxe":1240,"minecraft:iron_shovel":205,"soulsweapons:silver_sword":2,"minecraft:creeper_head":1,"minecraft:ladder":13,"minecraft:chest":22,"lootr:trophy":4,"minecraft:player_head":3,"perfectbirbs:flamingo_plushie":3,"minecraft:glass":44,"minecraft:lava_bucket":13,"crystals_overhauled:saphire_tool_pickaxe":39,"mythicupgrades:aquamarine_crystal_block":1,"minecraft:stone_bricks":4,"minecraft:bow":53,"minecraft:hay_block":3,"minecraft:oak_sapling":24,"minecraft:furnace":1,"minecraft:gray_bed":1,"minecraft:skeleton_skull":6,"immersive_aircraft:biplane":1,"minecraft:potato":7,"croptopia:sweetpotato_seed":2,"minecraft:diorite":5,"minecraft:diamond_boots":1,"spell_engine:spell_binding":1,"minecraft:stone_pickaxe":157,"clutter:pig_plushie":1,"minecraft:oak_planks":217,"minecraft:sugar_cane":11,"minecraft:wooden_pickaxe":42,"croptopia:kale_seed":3,"minecraft:sand":19,"minecraft:blast_furnace":3,"minecraft:crossbow":18,"variantshields:oak_diamond_shield":11,"simplyswords:iron_greathammer":4,"minecraft:bread":70,"minecraft:zombie_head":5,"perfectplushies:rocris_plushie":3,"regions_unexplored:pine_boat":9,"croptopia:cucumber_seed":5,"minecraft:lectern":2,"minecraft:diamond_ore":1,"minecraft:diamond_sword":2,"amethyst_imbuement:xp_bush_seed":1,"minecraft:smithing_table":4,"simplyswords:iron_glaive":168,"croptopia:corn":1,"minecraft:golden_pickaxe":32,"minecraft:experience_bottle":14,"extensivediamonds:dark_diamond_sword":233,"minecraft:stone_sword":40,"minecraft:flint_and_steel":32,"croptopia:bellpepper_seed":2,"perfectplushies:capybara_plushie":1,"minecraft:brewing_stand":1,"minecraft:anvil":3,"minecraft:dirt":429,"minecraft:oak_door":4,"minecraft:torch":170,"regions_unexplored:maple_planks":67,"minecraft:golden_shovel":32,"perfectplushies:cat_plushie":2,"croptopia:oat_seed":1,"minecraft:iron_hoe":68,"clutter:sheep_plushie":1,"minecraft:bookshelf":2,"soulsweapons:kirkhammer":4,"simplyswords:diamond_scythe":1,"travelersbackpack:gold":2,"mythicmetals:adamantite_shovel":253,"minecraft:smooth_basalt":2,"minecraft:golden_carrot":5,"minecraft:goat_horn":19,"perfectplushies:turtle_plushie":1,"minecraft:cooked_beef":3,"minecraft:cobbled_deepslate":358,"minecraft:pointed_dripstone":9,"minecraft:wheat_seeds":75,"minecraft:cooked_mutton":2,"minecraft:water_bucket":261,"minecraft:bundle":1,"soulsweapons:moonstone_pickaxe":32,"minecraft:cartography_table":1,"croptopia:corn_seed":3,"minecraft:cauldron":4,"minecraft:cobblestone_slab":6,"crystals_overhauled:rhodochrosite_axe":263,"minecraft:mossy_cobblestone":2,"minecraft:crafting_table":5,"minecraft:red_bed":2,"minecraft:white_bed":4,"minecraft:smoker":1,"minecraft:oak_log":79,"minecraft:diamond_pickaxe":1450,"minecraft:apple":16,"mythicmetals:mythril_pickaxe":468,"minecraft:iron_pickaxe":957,"minecraft:stone_axe":135,"minecraft:cobblestone":829,"travelersbackpack:standard":25,"minecraft:bucket":281,"perfectplushies:gamerpotion_plushie":3,"minecraft:glass_pane":19,"pickablevillagers:villager":9},"minecraft:broken":{"minecraft:iron_shovel":1,"minecraft:golden_shovel":1,"minecraft:stone_pickaxe":1,"crystals_overhauled:malachite_armor_armor_helmet":1,"minecraft:stone_axe":1,"crystals_overhauled:malachite_armor_armor_chestplate":1,"magistuarmory:rustedkettlehat":1,"crystals_overhauled:malachite_armor_armor_boots":1,"crystals_overhauled:malachite_armor_armor_leggings":1,"minecraft:wooden_pickaxe":1,"minecraft:leather_boots":1,"minecraft:iron_pickaxe":5,"minecraft:golden_pickaxe":1},"minecraft:mined":{"croptopia:bellpepper_crop":2,"minecraft:white_bed":3,"regions_unexplored:maple_planks":4,"regions_unexplored:maple_log":30,"mythicupgrades:topaz_crystal_block":6,"crystals_overhauled:peridotite_ore":6,"extensivediamonds:deepslate_dark_diamond_ore":31,"minecraft:brewing_stand":1,"regions_unexplored:bleeding_heart":1,"minecraft:cave_vines_plant":1,"minecraft:granite":81,"minecraft:grass_block":298,"mythicmetals:deepslate_adamantite_ore":13,"clutter:deepslate_silver_ore":1,"crystals_overhauled:celestite_ore":12,"minecraft:oxeye_daisy":2,"mythicmetals:deepslate_orichalcum_ore":10,"minecraft:magma_block":2,"extensivediamonds:deepslate_green_diamond_ore":26,"minecraft:iron_ore":46,"minecraft:fire":4,"minecraft:cobbled_deepslate":12,"crystals_overhauled:malachite_ore":21,"minecraft:anvil":2,"minecraft:deepslate_lapis_ore":20,"minecraft:azure_bluet":2,"minecraft:pointed_dripstone":6,"minecraft:skeleton_wall_skull":8,"minecraft:cave_vines":1,"minecraft:deepslate_redstone_ore":28,"perfectplushies:cat_plushie":1,"minecraft:smoker":1,"minecraft:red_bed":2,"soulsweapons:verglas_ore_deepslate":1,"things:gleaming_ore":1,"expores:deepslate_experience_ore":38,"minecraft:blast_furnace":5,"croptopia:oat_crop":3,"minecraft:torch":18,"crystals_overhauled:saphire_ore":34,"things:deepslate_gleaming_ore":6,"perfectplushies:gamerpotion_plushie":2,"perfectplushies:rocris_plushie":2,"minecraft:poppy":4,"minecraft:calcite":62,"mythicmetals:deepslate_carmot_ore":4,"minecraft:chest":10,"expores:experience_ore":30,"minecraft:cobblestone":176,"minecraft:oak_planks":26,"minecraft:sugar_cane":12,"minecraft:wall_torch":7,"extensivediamonds:deepslate_red_diamond_ore":62,"regions_unexplored:pine_log":3,"minecraft:cauldron":2,"farmersdelight:sandy_shrub":4,"lootr:trophy":3,"mythicmetals:manganese_ore":19,"mythicmetals:aquarium_ore":4,"minecraft:wheat":25,"geode_plus:small_redstone_bud":1,"croptopia:chile_pepper_crop":1,"mythicupgrades:peridot_crystal_block":7,"minecraft:grass":486,"minecraft:oak_log":172,"minecraft:dirt":419,"minecraft:sand":161,"mythicmetals:morkite_ore":40,"darkblades:dark_ore":240,"minecraft:smooth_basalt":55,"minecraft:oak_leaves":34,"minecraft:deepslate":713,"soulsweapons:verglas_ore":2,"croptopia:cucumber_crop":3,"minecraft:diamond_ore":1,"minecraft:tuff":26,"minecraft:mossy_cobblestone":3,"minecraft:deepslate_diamond_ore":20,"croptopia:kale_crop":2,"mythicmetals:calcite_kyber_ore":8,"minecraft:ladder":1,"clutter:sheep_plushie":1,"mythicmetals:deepslate_unobtainium_ore":1,"mythicmetals:silver_ore":15,"minecraft:spruce_leaves":1,"regions_unexplored:pine_planks":3,"minecraft:cartography_table":1,"croptopia:barley_crop":1,"minecraft:hay_block":3,"mythicmetals:quadrillum_ore":38,"mythicupgrades:peridot_crystal_cluster":3,"croptopia:corn_crop":5,"croptopia:soybean_crop":3,"minecraft:andesite":113,"mythicmetals:tin_ore":2,"mythicmetals:deepslate_mythril_ore":22,"soulsweapons:moonstone_ore_deepslate":23,"crystals_overhauled:citrine_ore":17,"minecraft:bookshelf":15,"minecraft:deepslate_iron_ore":3,"minecraft:cobblestone_slab":1,"regions_unexplored:red_maple_leaves":3,"regions_unexplored:medium_grass":2,"minecraft:stone":1635,"minecraft:bone_block":3,"minecraft:smithing_table":4,"mythicmetals:platinum_ore":12,"minecraft:glass_pane":1,"perfectbirbs:flamingo_plushie":2,"minecraft:dandelion":7,"crystals_overhauled:heliodor_ore":9,"geode_plus:redstone_crystal":3,"croptopia:sweetpotato_crop":2,"travelersbackpack:standard":1,"minecraft:crafting_table":3,"minecraft:cornflower":1,"crystals_overhauled:rhodochrosite_ore":19,"minecraft:emerald_ore":2,"minecraft:lectern":2,"minecraft:copper_ore":73,"minecraft:tall_grass":66,"minecraft:deepslate_coal_ore":1,"minecraft:lapis_ore":10,"minecraft:deepslate_gold_ore":3,"mythicmetals:deepslate_runite_ore":4,"minecraft:diorite":87,"jewelry:deepslate_gem_vein":8,"spell_engine:spell_binding":1,"minecraft:gray_bed":1,"mythicupgrades:aquamarine_crystal_block":37,"geode_plus:large_redstone_bud":2,"minecraft:coal_ore":296,"minecraft:gravel":32,"minecraft:dripstone_block":12,"minecraft:cracked_stone_bricks":1,"minecraft:stone_bricks":3,"minecraft:gold_ore":8,"mythicmetals:banglum_ore":18},"minecraft:killed":{"graveyard:skeleton_creeper":4,"minecraft:spider":11,"minecraft:skeleton":26,"artifacts:mimic":3,"minecraft:iron_golem":1,"minecraft:pig":5,"minecraft:zombie_villager":1,"minecraft:creeper":15,"minecraft:sheep":3,"minecraft:pillager":5,"minecraft:zombie":44,"minecraft:cow":1,"graveyard:nightmare":1,"clutter:mossbloom":1,"minecraft:enderman":1},"minecraft:picked_up":{"minecraft:wheat":27,"minecraft:chainmail_boots":1,"minecraft:anvil":2,"minecraft:creeper_head":11,"minecraft:flower_pot":1,"croptopia:kale":2,"minecraft:smithing_table":4,"minecraft:diamond_sword":1,"soulsweapons:moonstone":24,"minecraft:enchanted_book":1,"regions_unexplored:maple_planks":68,"mythicmetals:raw_kyber":12,"minecraft:brewing_stand":1,"amethyst_imbuement:empty_spell_scroll":1,"plentyofarmors:emerald_chestplate":4,"minecraft:string":28,"mythicmetals:raw_aquarium":10,"minecraft:raw_copper":254,"simplyswords:diamond_scythe":1,"minecraft:experience_bottle":14,"minecraft:zombie_head":42,"regions_unexplored:pine_log":3,"minecraft:gold_nugget":2,"minecraft:cobbled_deepslate":505,"minecraft:bucket":3,"crystals_overhauled:rhodochrosite":50,"minecraft:cobblestone_slab":1,"minecraft:calcite":55,"croptopia:mustard_seed":2,"minecraft:iron_boots":1,"minecraft:diamond_ore":1,"minecraft:stick":59,"mythicmetals:raw_carmot":4,"crystals_overhauled:citrine_armor_boots":2,"croptopia:cucumber":5,"croptopia:barley_seed":4,"minecraft:torch":31,"minecraft:porkchop":15,"minecraft:pointed_dripstone":9,"minecraft:diorite":42,"mythicmetals:morkite":88,"minecraft:cauldron":2,"minecraft:stone_sword":2,"minecraft:rotten_flesh":78,"mythicmetals:raw_manganese":22,"crystals_overhauled:heliodor":38,"perfectplushies:cat_plushie":1,"minecraft:red_tulip":1,"minecraft:cobblestone":1677,"minecraft:magma_block":2,"minecraft:cooked_beef":1,"magistuarmory:rustedchainmail_boots":1,"minecraft:andesite":97,"minecraft:smoker":1,"minecraft:potato":109,"minecraft:flint":6,"minecraft:tuff":11,"minecraft:lapis_lazuli":96,"mythicmetals:raw_platinum":17,"amethyst_imbuement:book_of_lore":1,"minecraft:dirt":726,"lootr:trophy":4,"minecraft:leather_boots":1,"perfectplushies:gamerpotion_plushie":2,"minecraft:bone":56,"croptopia:corn":8,"croptopia:sweetpotato":3,"minecraft:bow":11,"minecraft:wheat_seeds":199,"extensivediamonds:red_diamond":66,"minecraft:raw_gold":12,"crystals_overhauled:citrine":26,"jewelry:sapphire":3,"croptopia:bellpepper":3,"minecraft:fletching_table":1,"regions_unexplored:pine_boat":9,"croptopia:kale_seed":3,"mythicmetals:raw_silver":25,"minecraft:oak_planks":25,"croptopia:chile_pepper_seed":5,"croptopia:mustard":1,"regions_unexplored:pine_planks":14,"minecraft:sand":224,"mythicmetals:raw_quadrillum":66,"croptopia:oat":9,"minecraft:trapped_chest":1,"minecraft:mossy_cobblestone":2,"croptopia:chile_pepper":2,"artifacts:plastic_drinking_hat":1,"clutter:sheep_plushie":1,"minecraft:bundle":1,"clutter:copper_coin":21,"minecraft:diamond":39,"minecraft:crossbow":1,"minecraft:granite":47,"crystals_overhauled:saphire_tool_pickaxe":2,"soulsweapons:verglas":3,"minecraft:bread":7,"minecraft:emerald":45,"rogues:iron_dagger":1,"minecraft:oak_sapling":14,"minecraft:fishing_rod":1,"minecraft:diamond_pickaxe":1,"minecraft:crafting_table":3,"minecraft:azure_bluet":2,"things:gleaming_powder":7,"minecraft:ladder":7,"jewelry:citrine":1,"croptopia:sweetpotato_seed":6,"minecraft:wooden_pickaxe":1,"plentyofarmors:emerald_leggings":2,"mythicmetals:adamantite_pickaxe":1,"minecraft:cornflower":3,"immersive_aircraft:biplane":1,"minecraft:red_bed":2,"minecraft:moss_carpet":1,"artifacts:power_glove":1,"croptopia:bellpepper_seed":13,"croptopia:soybean":4,"mythicmetals:adamantite_shovel":2,"minecraft:cracked_stone_bricks":1,"crystals_overhauled:peridotite":11,"graveyard:corruption":2,"clutter:raw_silver":3,"mythicmetals:raw_adamantite":14,"minecraft:cartography_table":1,"minecraft:candle":1,"crystals_overhauled:malachite":36,"more_jewels:peridot":3,"minecraft:beef":2,"croptopia:pepper_seed":1,"minecraft:player_head":12,"regions_unexplored:white_snowbelle":2,"minecraft:poppy":10,"minecraft:lectern":2,"mythicmetals:raw_mythril":23,"minecraft:sugar_cane":22,"minecraft:chest":10,"regions_unexplored:bleeding_heart":2,"mythicmetals:raw_orichalcum":10,"minecraft:raw_iron":46,"croptopia:corn_seed":12,"regions_unexplored:silver_birch_leaf_pile":5,"croptopia:soybean_seed":5,"minecraft:copper_ingot":3,"magistuarmory:rustedkettlehat":1,"mythicmetals:raw_tin":3,"minecraft:carrot":45,"crystals_overhauled:saphire":72,"minecraft:redstone":98,"mythicmetals:raw_runite":10,"minecraft:arrow":133,"minecraft:shears":1,"minecraft:hay_block":3,"spell_engine:spell_binding":1,"minecraft:saddle":2,"croptopia:pepper":1,"minecraft:totem_of_undying":1,"minecraft:mutton":14,"minecraft:skeleton_skull":26,"minecraft:white_wool":4,"minecraft:bone_block":5,"minecraft:oxeye_daisy":1,"minecraft:leather":5,"minecraft:salmon":2,"mythicupgrades:aquamarine_crystal_block":32,"more_jewels:opal":4,"mythicmetals:raw_banglum":36,"perfectplushies:rocris_plushie":2,"perfectbirbs:flamingo_plushie":2,"minecraft:oak_log":192,"regions_unexplored:red_maple_sapling":1,"artifacts:cloud_in_a_bottle":1,"minecraft:gunpowder":16,"extensivediamonds:green_diamond":25,"jewelry:tanzanite":3,"minecraft:cooked_mutton":6,"croptopia:barley":1,"minecraft:apple":10,"minecraft:stone_bricks":4,"minecraft:iron_ingot":26,"minecraft:stone_pickaxe":1,"darkblades:dark_dust":470,"minecraft:glass_bottle":6,"minecraft:gray_bed":1,"regions_unexplored:orange_maple_leaf_pile":2,"minecraft:book":45,"jewelry:topaz":1,"minecraft:smooth_basalt":51,"darkblades:dark_soul_ammo":10,"extensivediamonds:dark_diamond":25,"minecraft:pumpkin":1,"minecraft:dandelion":11,"croptopia:cucumber_seed":9,"minecraft:dripstone_block":1,"minecraft:gravel":34,"mythicmetals:unobtainium":1,"minecraft:blast_furnace":3,"minecraft:white_bed":3,"magistuarmory:rustedchainmail_leggings":3,"minecraft:spider_eye":56,"simplyswords:gold_glaive":1,"travelersbackpack:standard":1,"minecraft:firework_rocket":36,"things:monocle":1,"magistuarmory:rustedchainmail_helmet":3,"croptopia:oat_seed":13,"mythicupgrades:peridot_crystal_shard":12,"more_jewels:aquamarine":1,"magistuarmory:rusted_bastardsword":1,"regions_unexplored:maple_log":29,"minecraft:gray_wool":3,"mythicmetals:mythril_pickaxe":2,"minecraft:black_wool":1,"crystals_overhauled:celestite":25,"minecraft:coal":357,"minecraft:ender_pearl":3}},"DataVersion":3465}