{"stats":{"minecraft:dropped":{"minecraft:porkchop":4,"minecraft:lapis_lazuli":8,"minecraft:glass_bottle":3,"croptopia:cucumber":2,"minecraft:crossbow":1,"minecraft:cracked_stone_bricks":1,"regions_unexplored:bleeding_heart":2,"clutter:sheep_plushie":1,"croptopia:chile_pepper_seed":2,"minecraft:flint":4,"minecraft:dirt":68,"minecraft:cornflower":1,"minecraft:mutton":18,"minecraft:gold_nugget":1,"minecraft:bone_block":1,"minecraft:sand":10,"croptopia:mustard_seed":2,"minecraft:white_wool":1,"croptopia:soybean":3,"minecraft:bone":15,"extensivediamonds:dark_diamond_sword":4,"minecraft:gravel":21,"croptopia:corn":1,"minecraft:wheat":6,"croptopia:oat_seed":7,"minecraft:rotten_flesh":6,"minecraft:carrot":2,"witcher_rpg:silver_witcher_sword":1,"minecraft:poppy":6,"minecraft:skeleton_skull":8,"minecraft:leather_boots":1,"croptopia:barley":1,"croptopia:mustard":1,"perfectbirbs:macaw_plushie":1,"minecraft:iron_ingot":6,"minecraft:bread":7,"minecraft:wheat_seeds":56,"perfectbirbs:european_robin_plushie":1,"clutter:copper_coin":21,"minecraft:cobblestone":103,"minecraft:apple":9,"minecraft:granite":16,"croptopia:soybean_seed":4,"minecraft:coal":3,"regions_unexplored:red_maple_sapling":1,"minecraft:gray_wool":2,"minecraft:torch":1,"minecraft:zombie_head":6,"regions_unexplored:silver_birch_leaf_pile":5,"mythicupgrades:aquamarine_crystal_block":2,"minecraft:string":5,"minecraft:dandelion":3,"minecraft:smooth_basalt":2,"croptopia:oat":5,"minecraft:moss_carpet":1,"minecraft:player_head":1,"minecraft:stone_sword":1,"minecraft:raw_copper":12,"croptopia:cucumber_seed":2,"croptopia:bellpepper_seed":6,"minecraft:potato":1,"regions_unexplored:white_snowbelle":2,"perfectbirbs:osprey_plushie":1,"minecraft:andesite":38,"minecraft:spider_eye":16,"minecraft:bow":1,"regions_unexplored:orange_maple_leaf_pile":2,"minecraft:calcite":15,"minecraft:black_wool":1},"minecraft:crafted":{"minecraft:oak_planks":108,"mythicmetals:platinum_ingot":5,"regions_unexplored:maple_planks":116,"witcher_rpg:silver_witcher_sword":1,"minecraft:glass":83,"minecraft:iron_boots":1,"minecraft:chest":16,"mythicmetals:tin_ingot":3,"extensivediamonds:dark_diamond_sword":5,"minecraft:crafting_table":3,"travelersbackpack:standard":1,"crystals_overhauled:malachite_armor_armor_boots":2,"minecraft:wooden_pickaxe":2,"minecraft:baked_potato":61,"minecraft:copper_ingot":114,"crystals_overhauled:malachite_armor_armor_chestplate":1,"simplyswords:iron_glaive":1,"mythicmetals:kyber_ingot":10,"minecraft:iron_chestplate":1,"minecraft:diamond_pickaxe":1,"minecraft:stick":56,"minecraft:iron_ingot":43,"minecraft:iron_pickaxe":5,"minecraft:gold_ingot":28,"mythicmetals:manganese_ingot":22,"crystals_overhauled:malachite_armor_armor_helmet":1,"things:monocle":1,"darkblades:dark_ingot":41,"minecraft:oak_door":3,"minecraft:raw_iron":63,"mythicmetals:quadrillum_ingot":4,"minecraft:furnace":1,"minecraft:glass_pane":64,"minecraft:flint_and_steel":1,"mythicmetals:mythril_ingot":4,"travelersbackpack:white_sleeping_bag":1,"mythicmetals:adamantite_ingot":2,"minecraft:stone_pickaxe":2,"mythicmetals:mythril_pickaxe":1,"crystals_overhauled:malachite_armor_armor_leggings":2,"travelersbackpack:backpack_tank":2,"minecraft:golden_shovel":1,"mythicmetals:silver_ingot":22,"minecraft:bucket":1,"minecraft:stone_axe":2,"simplyswords:gold_glaive":1,"minecraft:air":0,"regions_unexplored:pine_planks":12,"minecraft:iron_shovel":1,"minecraft:iron_leggings":1,"minecraft:white_bed":1,"mythicmetals:orichalcum_ingot":3,"minecraft:torch":148,"mythicmetals:aquarium_ingot":10},"minecraft:custom":{"lootr:looted_stat":76,"minecraft:interact_with_crafting_table":57,"minecraft:bell_ring":1,"minecraft:leave_game":4,"minecraft:time_since_death":48815,"minecraft:damage_resisted":176,"minecraft:sprint_one_cm":516252,"minecraft:drop":125,"minecraft:talked_to_villager":3,"minecraft:play_time":314273,"minecraft:deaths":20,"minecraft:jump":3628,"minecraft:walk_on_water_one_cm":27844,"minecraft:interact_with_furnace":63,"minecraft:interact_with_loom":1,"minecraft:sleep_in_bed":8,"minecraft:damage_dealt":7276,"minecraft:crouch_one_cm":64389,"minecraft:interact_with_smithing_table":1,"minecraft:mob_kills":43,"minecraft:damage_dealt_resisted":6681,"minecraft:climb_one_cm":736,"minecraft:walk_one_cm":406404,"minecraft:damage_dealt_absorbed":3171,"minecraft:sneak_time":24830,"minecraft:walk_under_water_one_cm":11974,"minecraft:boat_one_cm":9175,"minecraft:interact_with_blast_furnace":43,"minecraft:total_world_time":314273,"minecraft:interact_with_grindstone":1,"minecraft:hex":0,"minecraft:time_since_rest":8072,"minecraft:damage_taken":7449,"minecraft:damage_absorbed":1334,"minecraft:swim_one_cm":22523,"minecraft:fly_one_cm":644248,"minecraft:open_chest":196,"minecraft:fall_one_cm":96474},"minecraft:killed_by":{"minecraft:creeper":5,"minecraft:vindicator":1,"minecraft:zombie":11,"minecraft:spider":2,"minecraft:skeleton":1},"minecraft:used":{"regions_unexplored:pine_planks":6,"minecraft:iron_shovel":205,"minecraft:chest":17,"lootr:trophy":3,"minecraft:player_head":2,"perfectbirbs:flamingo_plushie":3,"minecraft:glass":42,"minecraft:lava_bucket":7,"mythicupgrades:aquamarine_crystal_block":1,"minecraft:stone_bricks":4,"minecraft:hay_block":3,"minecraft:oak_sapling":10,"minecraft:furnace":1,"minecraft:skeleton_skull":2,"minecraft:potato":7,"croptopia:sweetpotato_seed":2,"minecraft:diorite":5,"minecraft:stone_pickaxe":157,"minecraft:oak_planks":6,"minecraft:wooden_pickaxe":42,"minecraft:sugar_cane":11,"clutter:pig_plushie":1,"croptopia:kale_seed":1,"minecraft:sand":13,"minecraft:blast_furnace":2,"minecraft:crossbow":18,"perfectplushies:rocris_plushie":2,"minecraft:zombie_head":1,"regions_unexplored:pine_boat":4,"minecraft:bread":40,"croptopia:cucumber_seed":2,"minecraft:diamond_ore":1,"minecraft:diamond_sword":2,"amethyst_imbuement:xp_bush_seed":1,"simplyswords:iron_glaive":168,"minecraft:golden_pickaxe":32,"croptopia:corn":1,"minecraft:experience_bottle":4,"minecraft:stone_sword":40,"minecraft:flint_and_steel":32,"croptopia:bellpepper_seed":2,"perfectplushies:capybara_plushie":1,"minecraft:oak_door":2,"regions_unexplored:maple_planks":67,"minecraft:torch":165,"minecraft:dirt":198,"minecraft:golden_shovel":32,"croptopia:oat_seed":1,"minecraft:iron_hoe":68,"clutter:sheep_plushie":1,"minecraft:goat_horn":12,"perfectplushies:turtle_plushie":1,"minecraft:cobbled_deepslate":48,"minecraft:wheat_seeds":26,"minecraft:water_bucket":35,"minecraft:bundle":1,"croptopia:corn_seed":3,"minecraft:mossy_cobblestone":2,"minecraft:crafting_table":5,"minecraft:red_bed":2,"minecraft:white_bed":1,"minecraft:diamond_pickaxe":422,"minecraft:iron_pickaxe":957,"minecraft:stone_axe":88,"minecraft:cobblestone":219,"travelersbackpack:standard":1,"perfectplushies:gamerpotion_plushie":2,"minecraft:bucket":49,"minecraft:glass_pane":19},"minecraft:broken":{"minecraft:iron_shovel":1,"minecraft:golden_shovel":1,"minecraft:stone_pickaxe":1,"minecraft:wooden_pickaxe":1,"minecraft:leather_boots":1,"minecraft:iron_pickaxe":5,"minecraft:golden_pickaxe":1},"minecraft:mined":{"minecraft:white_bed":1,"regions_unexplored:maple_planks":4,"regions_unexplored:maple_log":30,"mythicupgrades:topaz_crystal_block":5,"extensivediamonds:deepslate_dark_diamond_ore":24,"regions_unexplored:bleeding_heart":1,"minecraft:granite":45,"minecraft:grass_block":171,"mythicmetals:deepslate_adamantite_ore":2,"crystals_overhauled:celestite_ore":12,"minecraft:oxeye_daisy":2,"mythicmetals:deepslate_orichalcum_ore":3,"minecraft:magma_block":2,"extensivediamonds:deepslate_green_diamond_ore":24,"minecraft:iron_ore":43,"minecraft:cobbled_deepslate":1,"minecraft:fire":3,"crystals_overhauled:malachite_ore":20,"minecraft:deepslate_lapis_ore":4,"minecraft:azure_bluet":2,"minecraft:skeleton_wall_skull":8,"minecraft:red_bed":2,"soulsweapons:verglas_ore_deepslate":1,"things:gleaming_ore":1,"perfectplushies:gamerpotion_plushie":1,"minecraft:torch":17,"expores:deepslate_experience_ore":2,"things:deepslate_gleaming_ore":1,"crystals_overhauled:saphire_ore":2,"croptopia:oat_crop":2,"minecraft:blast_furnace":2,"perfectplushies:rocris_plushie":1,"minecraft:calcite":12,"minecraft:poppy":4,"minecraft:chest":9,"expores:experience_ore":18,"minecraft:cobblestone":24,"minecraft:sugar_cane":3,"minecraft:oak_planks":1,"minecraft:wall_torch":5,"extensivediamonds:deepslate_red_diamond_ore":61,"regions_unexplored:pine_log":3,"farmersdelight:sandy_shrub":3,"lootr:trophy":2,"mythicmetals:aquarium_ore":4,"geode_plus:small_redstone_bud":1,"mythicmetals:manganese_ore":17,"croptopia:chile_pepper_crop":1,"mythicupgrades:peridot_crystal_block":7,"minecraft:grass":464,"minecraft:oak_log":27,"minecraft:sand":95,"minecraft:dirt":157,"mythicmetals:morkite_ore":40,"darkblades:dark_ore":55,"minecraft:smooth_basalt":14,"minecraft:deepslate":87,"soulsweapons:verglas_ore":2,"minecraft:diamond_ore":1,"minecraft:tuff":13,"minecraft:mossy_cobblestone":3,"minecraft:deepslate_diamond_ore":10,"croptopia:kale_crop":1,"mythicmetals:calcite_kyber_ore":7,"clutter:sheep_plushie":1,"mythicmetals:silver_ore":15,"minecraft:spruce_leaves":1,"regions_unexplored:pine_planks":3,"minecraft:hay_block":3,"croptopia:barley_crop":1,"mythicupgrades:peridot_crystal_cluster":3,"mythicmetals:quadrillum_ore":3,"croptopia:corn_crop":1,"croptopia:soybean_crop":3,"minecraft:andesite":59,"mythicmetals:tin_ore":2,"mythicmetals:deepslate_mythril_ore":4,"soulsweapons:moonstone_ore_deepslate":3,"crystals_overhauled:citrine_ore":13,"minecraft:cobblestone_slab":1,"regions_unexplored:red_maple_leaves":3,"regions_unexplored:medium_grass":2,"minecraft:stone":580,"minecraft:bone_block":3,"minecraft:smithing_table":1,"mythicmetals:platinum_ore":12,"minecraft:glass_pane":1,"perfectbirbs:flamingo_plushie":2,"geode_plus:redstone_crystal":3,"minecraft:dandelion":7,"minecraft:crafting_table":2,"minecraft:cornflower":1,"crystals_overhauled:rhodochrosite_ore":7,"minecraft:emerald_ore":1,"minecraft:tall_grass":64,"minecraft:copper_ore":58,"minecraft:diorite":37,"mythicupgrades:aquamarine_crystal_block":3,"geode_plus:large_redstone_bud":2,"minecraft:coal_ore":182,"minecraft:gravel":7,"minecraft:cracked_stone_bricks":1,"minecraft:stone_bricks":3,"minecraft:gold_ore":8,"mythicmetals:banglum_ore":15},"minecraft:killed":{"graveyard:skeleton_creeper":2,"minecraft:spider":3,"minecraft:skeleton":9,"minecraft:pig":2,"minecraft:creeper":3,"minecraft:sheep":3,"minecraft:pillager":3,"minecraft:zombie":17},"minecraft:picked_up":{"minecraft:creeper_head":3,"croptopia:kale":1,"minecraft:smithing_table":1,"minecraft:diamond_sword":1,"soulsweapons:moonstone":3,"minecraft:enchanted_book":1,"regions_unexplored:maple_planks":68,"mythicmetals:raw_kyber":10,"amethyst_imbuement:empty_spell_scroll":1,"minecraft:string":9,"minecraft:raw_copper":211,"mythicmetals:raw_aquarium":10,"minecraft:zombie_head":18,"minecraft:experience_bottle":4,"minecraft:cobbled_deepslate":80,"regions_unexplored:pine_log":3,"minecraft:gold_nugget":2,"minecraft:bucket":2,"crystals_overhauled:rhodochrosite":20,"minecraft:cobblestone_slab":1,"minecraft:calcite":15,"croptopia:mustard_seed":2,"minecraft:diamond_ore":1,"minecraft:stick":45,"croptopia:cucumber":2,"croptopia:barley_seed":4,"minecraft:torch":26,"minecraft:porkchop":4,"minecraft:diorite":37,"mythicmetals:morkite":88,"minecraft:stone_sword":2,"minecraft:rotten_flesh":32,"mythicmetals:raw_manganese":22,"minecraft:cobblestone":588,"minecraft:magma_block":2,"minecraft:andesite":58,"minecraft:potato":67,"minecraft:flint":1,"minecraft:tuff":1,"amethyst_imbuement:book_of_lore":1,"mythicmetals:raw_platinum":17,"minecraft:lapis_lazuli":62,"minecraft:dirt":344,"lootr:trophy":3,"minecraft:leather_boots":1,"perfectplushies:gamerpotion_plushie":1,"minecraft:bone":17,"croptopia:corn":5,"croptopia:sweetpotato":1,"minecraft:bow":3,"minecraft:wheat_seeds":111,"extensivediamonds:red_diamond":64,"minecraft:raw_gold":9,"crystals_overhauled:citrine":18,"croptopia:bellpepper":1,"regions_unexplored:pine_boat":4,"croptopia:kale_seed":1,"mythicmetals:raw_silver":25,"croptopia:chile_pepper_seed":4,"croptopia:mustard":1,"regions_unexplored:pine_planks":6,"minecraft:sand":116,"mythicmetals:raw_quadrillum":4,"croptopia:oat":8,"minecraft:mossy_cobblestone":2,"croptopia:chile_pepper":1,"clutter:sheep_plushie":1,"minecraft:bundle":1,"clutter:copper_coin":21,"minecraft:diamond":14,"minecraft:crossbow":1,"minecraft:granite":37,"soulsweapons:verglas":3,"minecraft:emerald":34,"minecraft:bread":7,"rogues:iron_dagger":1,"minecraft:crafting_table":2,"minecraft:azure_bluet":1,"things:gleaming_powder":2,"croptopia:sweetpotato_seed":2,"minecraft:wooden_pickaxe":1,"minecraft:cornflower":2,"minecraft:red_bed":2,"minecraft:moss_carpet":1,"croptopia:bellpepper_seed":11,"croptopia:soybean":4,"minecraft:cracked_stone_bricks":1,"mythicmetals:raw_adamantite":2,"crystals_overhauled:malachite":36,"minecraft:player_head":9,"regions_unexplored:white_snowbelle":2,"minecraft:poppy":9,"mythicmetals:raw_mythril":4,"minecraft:sugar_cane":11,"minecraft:chest":9,"regions_unexplored:bleeding_heart":2,"mythicmetals:raw_orichalcum":3,"minecraft:raw_iron":43,"croptopia:corn_seed":5,"regions_unexplored:silver_birch_leaf_pile":5,"croptopia:soybean_seed":5,"minecraft:copper_ingot":3,"mythicmetals:raw_tin":3,"crystals_overhauled:saphire":4,"minecraft:carrot":12,"minecraft:redstone":12,"minecraft:arrow":30,"minecraft:hay_block":3,"minecraft:white_wool":4,"minecraft:mutton":14,"minecraft:skeleton_skull":15,"minecraft:bone_block":4,"mythicmetals:raw_banglum":31,"minecraft:salmon":2,"mythicupgrades:aquamarine_crystal_block":3,"minecraft:leather":5,"perfectplushies:rocris_plushie":1,"perfectbirbs:flamingo_plushie":2,"minecraft:oak_log":27,"regions_unexplored:red_maple_sapling":1,"minecraft:gunpowder":4,"extensivediamonds:green_diamond":25,"minecraft:cooked_mutton":4,"minecraft:apple":9,"croptopia:barley":1,"minecraft:stone_bricks":4,"minecraft:iron_ingot":20,"minecraft:stone_pickaxe":1,"darkblades:dark_dust":102,"minecraft:glass_bottle":5,"regions_unexplored:orange_maple_leaf_pile":2,"minecraft:smooth_basalt":14,"darkblades:dark_soul_ammo":10,"extensivediamonds:dark_diamond":25,"minecraft:dandelion":6,"croptopia:cucumber_seed":4,"minecraft:gravel":21,"minecraft:blast_furnace":2,"minecraft:white_bed":1,"minecraft:spider_eye":24,"simplyswords:gold_glaive":1,"minecraft:firework_rocket":11,"croptopia:oat_seed":11,"mythicupgrades:peridot_crystal_shard":12,"regions_unexplored:maple_log":29,"minecraft:gray_wool":3,"minecraft:black_wool":1,"crystals_overhauled:celestite":25,"minecraft:coal":216}},"DataVersion":3465}