{"stats":{"minecraft:dropped":{"minecraft:porkchop":8,"minecraft:lapis_lazuli":21,"minecraft:glass_bottle":3,"minecraft:crossbow":2,"mythicmetals:raw_runite":2,"minecraft:fletching_table":1,"minecraft:cracked_stone_bricks":1,"minecraft:saddle":1,"minecraft:emerald":1,"minecraft:dirt":125,"magistuarmory:rusted_bastardsword":1,"minecraft:gold_nugget":1,"minecraft:bone_block":1,"minecraft:sand":96,"minecraft:fishing_rod":1,"minecraft:white_wool":2,"croptopia:soybean":3,"minecraft:bone":28,"magistuarmory:rustedchainmail_leggings":3,"minecraft:sugar_cane":2,"minecraft:iron_nugget":4,"minecraft:cobbled_deepslate":115,"minecraft:wheat":8,"croptopia:oat_seed":7,"farmersdelight:cabbage":1,"minecraft:rotten_flesh":54,"croptopia:chile_pepper":1,"minecraft:oak_planks":11,"minecraft:azure_bluet":1,"witcher_rpg:silver_witcher_sword":1,"minecraft:leather_boots":1,"croptopia:barley":1,"croptopia:mustard":1,"perfectbirbs:macaw_plushie":1,"minecraft:enchanted_book":4,"minecraft:iron_ingot":6,"minecraft:wheat_seeds":95,"simplyswords:iron_greataxe":1,"minecraft:dripstone_block":1,"perfectbirbs:european_robin_plushie":1,"clutter:copper_coin":21,"minecraft:cobblestone":293,"minecraft:book":1,"minecraft:apple":9,"minecraft:granite":25,"minecraft:coal":8,"minecraft:oxeye_daisy":1,"regions_unexplored:red_maple_sapling":1,"minecraft:gray_wool":2,"mythicmetals:mythril_pickaxe":2,"regions_unexplored:silver_birch_leaf_pile":5,"minecraft:paper":9,"minecraft:string":20,"minecraft:trapped_chest":1,"minecraft:moss_carpet":1,"minecraft:creeper_head":3,"minecraft:player_head":2,"minecraft:stone_sword":1,"croptopia:cucumber_seed":4,"croptopia:corn_seed":2,"darkblades:dark_dust":2,"minecraft:potato":8,"minecraft:flower_pot":1,"minecraft:diamond_pickaxe":1,"mythicmetals:adamantite_shovel":1,"minecraft:spider_eye":32,"minecraft:bow":8,"minecraft:red_tulip":1,"regions_unexplored:orange_maple_leaf_pile":2,"minecraft:black_wool":1,"minecraft:candle":1,"minecraft:oak_log":21,"minecraft:golden_pickaxe":1,"croptopia:cucumber":3,"regions_unexplored:bleeding_heart":2,"croptopia:chile_pepper_seed":3,"crystals_overhauled:saphire_tool_pickaxe":2,"clutter:sheep_plushie":1,"crystals_overhauled:citrine_armor_boots":2,"minecraft:flint":6,"minecraft:cornflower":2,"minecraft:mutton":18,"croptopia:pepper":1,"minecraft:pumpkin_pie":4,"croptopia:mustard_seed":2,"extensivediamonds:dark_diamond_sword":4,"minecraft:gravel":34,"croptopia:corn":1,"minecraft:carrot":4,"minecraft:poppy":6,"things:monocle":1,"minecraft:gunpowder":12,"crystals_overhauled:heliodor":24,"minecraft:skeleton_skull":17,"minecraft:arrow":6,"magistuarmory:rustedchainmail_boots":1,"minecraft:firework_rocket":3,"minecraft:bread":7,"crystals_overhauled:rhodochrosite":19,"croptopia:soybean_seed":4,"minecraft:stick":19,"minecraft:diorite":5,"minecraft:torch":1,"minecraft:zombie_head":33,"minecraft:iron_leggings":1,"mythicmetals:adamantite_pickaxe":1,"mythicupgrades:aquamarine_crystal_block":31,"minecraft:bucket":2,"minecraft:dandelion":8,"minecraft:smooth_basalt":49,"croptopia:oat":5,"regions_unexplored:pine_planks":1,"minecraft:raw_copper":30,"minecraft:tuff":7,"minecraft:raw_iron":8,"farmersdelight:cabbage_seeds":5,"fallenwizardsmod:fallen_wizards_fire_spell_book":1,"croptopia:bellpepper_seed":6,"magistuarmory:rustedchainmail_helmet":2,"regions_unexplored:white_snowbelle":2,"perfectbirbs:osprey_plushie":1,"minecraft:andesite":72,"croptopia:pepper_seed":1,"minecraft:calcite":55,"simplyswords:iron_greathammer":1},"minecraft:custom":{"minecraft:interact_with_crafting_table":113,"minecraft:bell_ring":1,"minecraft:leave_game":10,"minecraft:time_since_death":6333,"minecraft:damage_blocked_by_shield":1800,"minecraft:play_time":709870,"minecraft:deaths":36,"minecraft:jump":8395,"minecraft:interact_with_furnace":86,"minecraft:traded_with_villager":10,"minecraft:interact_with_cartography_table":1,"minecraft:sleep_in_bed":16,"minecraft:damage_dealt":27711,"minecraft:interact_with_smoker":8,"minecraft:interact_with_smithing_table":8,"minecraft:interact_with_anvil":11,"minecraft:damage_dealt_absorbed":10436,"minecraft:sneak_time":55961,"minecraft:interact_with_blast_furnace":97,"minecraft:total_world_time":709870,"minecraft:time_since_rest":6359,"minecraft:swim_one_cm":115553,"minecraft:fly_one_cm":1575314,"minecraft:open_chest":495,"minecraft:fall_one_cm":326411,"lootr:looted_stat":99,"minecraft:damage_resisted":1330,"minecraft:sprint_one_cm":1113348,"minecraft:drop":315,"minecraft:talked_to_villager":46,"minecraft:walk_on_water_one_cm":78531,"minecraft:interact_with_loom":1,"minecraft:crouch_one_cm":161017,"minecraft:mob_kills":144,"minecraft:damage_dealt_resisted":21218,"minecraft:climb_one_cm":13825,"minecraft:walk_one_cm":1037233,"minecraft:walk_under_water_one_cm":73707,"minecraft:boat_one_cm":11339,"minecraft:interact_with_grindstone":1,"minecraft:hex":0,"minecraft:damage_taken":16141,"minecraft:damage_absorbed":9947},"minecraft:crafted":{"travelersbackpack:crafting_upgrade":1,"regions_unexplored:maple_planks":116,"witcher_rpg:silver_witcher_sword":1,"minecraft:bookshelf":4,"variantshields:oak_diamond_shield":1,"minecraft:glass":83,"minecraft:diamond_helmet":1,"minecraft:diamond_leggings":1,"extensivediamonds:dark_diamond_sword":5,"minecraft:emerald":162,"minecraft:cooked_porkchop":5,"minecraft:diamond_axe":1,"soulsweapons:kirkhammer":1,"travelersbackpack:standard":3,"crystals_overhauled:rhodochrosite_axe":1,"minecraft:copper_ingot":196,"minecraft:iron_pickaxe":5,"crystals_overhauled:saphire_tool_pickaxe":1,"minecraft:iron_block":7,"minecraft:gold_ingot":81,"crystals_overhauled:saphire_armor_armor_helmet":1,"mythicmetals:manganese_ingot":22,"things:monocle":1,"minecraft:golden_carrot":10,"minecraft:iron_nugget":18,"mythicmetals:quadrillum_ingot":45,"immersive_melodies:triangle":1,"darkblades:dark_ingot_bundle":46,"travelersbackpack:blank_upgrade":4,"travelersbackpack:gold_tier_upgrade":1,"travelersbackpack:white_sleeping_bag":1,"mythicmetals:runite_ingot":7,"mythicmetals:adamantite_ingot":14,"minecraft:ladder":12,"travelersbackpack:gold":1,"minecraft:stone_pickaxe":2,"minecraft:diamond_boots":1,"mythicmetals:mythril_pickaxe":1,"minecraft:redstone_block":14,"minecraft:coal_block":30,"simplyswords:gold_glaive":1,"minecraft:enchanted_book":10,"simplyswords:iron_greathammer":2,"regions_unexplored:pine_planks":12,"minecraft:iron_shovel":1,"minecraft:iron_leggings":1,"minecraft:white_bed":1,"mythicmetals:orichalcum_ingot":6,"minecraft:oak_planks":408,"minecraft:cobblestone_slab":6,"mythicmetals:platinum_ingot":5,"crystals_overhauled:saphire_armor_armor_leggings":1,"minecraft:stone":6,"simplyswords:iron_greataxe":1,"minecraft:iron_boots":1,"minecraft:chest":21,"minecraft:copper_block":14,"mythicmetals:tin_ingot":3,"minecraft:cauldron":4,"minecraft:crafting_table":4,"minecraft:baked_potato":61,"crystals_overhauled:malachite_armor_armor_boots":2,"minecraft:wooden_pickaxe":2,"crystals_overhauled:malachite_armor_armor_chestplate":1,"simplyswords:iron_glaive":1,"minecraft:tnt":1,"mythicmetals:adamantite_pickaxe":1,"mythicmetals:kyber_ingot":10,"minecraft:iron_chestplate":1,"minecraft:paper":9,"minecraft:diamond_pickaxe":1,"minecraft:emerald_block":36,"minecraft:stick":116,"minecraft:iron_ingot":124,"crystals_overhauled:malachite_armor_armor_helmet":1,"minecraft:shears":1,"darkblades:dark_ingot":181,"minecraft:oak_door":6,"minecraft:raw_iron":63,"minecraft:furnace":1,"minecraft:glass_pane":64,"minecraft:flint_and_steel":1,"mythicmetals:mythril_ingot":13,"crystals_overhauled:saphire_armor_armor_chestplate":1,"soulsweapons:moonstone_pickaxe":1,"minecraft:cooked_beef":2,"crystals_overhauled:malachite_armor_armor_leggings":2,"mythicmetals:carmot_ingot":4,"travelersbackpack:backpack_tank":4,"minecraft:iron_sword":2,"minecraft:golden_shovel":1,"mythicmetals:silver_ingot":22,"minecraft:bucket":1,"minecraft:stone_axe":2,"minecraft:air":0,"crystals_overhauled:saphire_armor_armor_boots":1,"minecraft:gold_nugget":45,"minecraft:raw_gold":45,"minecraft:anvil":2,"minecraft:torch":148,"mythicmetals:aquarium_ingot":10,"minecraft:diamond_chestplate":1},"minecraft:killed_by":{"minecraft:vindicator":1,"minecraft:zombie":14,"minecraft:creeper":13,"minecraft:player":3,"minecraft:spider":2,"minecraft:enderman":1,"minecraft:skeleton":1},"minecraft:used":{"regions_unexplored:pine_planks":7,"minecraft:ladder":13,"minecraft:chest":22,"lootr:trophy":4,"minecraft:lava_bucket":13,"mythicupgrades:aquamarine_crystal_block":1,"minecraft:bow":53,"minecraft:furnace":1,"minecraft:oak_sapling":24,"immersive_aircraft:biplane":1,"minecraft:potato":7,"minecraft:diorite":5,"minecraft:wooden_pickaxe":42,"clutter:pig_plushie":1,"croptopia:kale_seed":3,"minecraft:sand":19,"minecraft:blast_furnace":3,"variantshields:oak_diamond_shield":11,"perfectplushies:rocris_plushie":3,"minecraft:zombie_head":5,"croptopia:cucumber_seed":5,"minecraft:lectern":2,"minecraft:diamond_ore":1,"minecraft:diamond_sword":2,"minecraft:smithing_table":4,"simplyswords:iron_glaive":168,"minecraft:stone_sword":40,"minecraft:torch":170,"minecraft:brewing_stand":1,"minecraft:anvil":3,"minecraft:golden_shovel":32,"croptopia:oat_seed":1,"simplyswords:diamond_scythe":1,"travelersbackpack:gold":2,"minecraft:smooth_basalt":2,"minecraft:goat_horn":19,"minecraft:cobbled_deepslate":358,"minecraft:pointed_dripstone":9,"minecraft:wheat_seeds":75,"minecraft:water_bucket":261,"minecraft:bundle":1,"minecraft:cartography_table":1,"minecraft:cauldron":4,"crystals_overhauled:rhodochrosite_axe":263,"minecraft:mossy_cobblestone":2,"minecraft:crafting_table":5,"minecraft:red_bed":2,"minecraft:white_bed":4,"minecraft:oak_log":79,"minecraft:diamond_pickaxe":1450,"minecraft:iron_pickaxe":957,"minecraft:cobblestone":829,"travelersbackpack:standard":27,"minecraft:cooked_porkchop":1,"minecraft:glass_pane":19,"mythicmetals:adamantite_pickaxe":1240,"minecraft:iron_shovel":205,"soulsweapons:silver_sword":2,"minecraft:creeper_head":1,"minecraft:player_head":3,"perfectbirbs:flamingo_plushie":3,"minecraft:glass":44,"crystals_overhauled:saphire_tool_pickaxe":39,"minecraft:stone_bricks":4,"minecraft:hay_block":3,"minecraft:gray_bed":1,"minecraft:skeleton_skull":6,"croptopia:sweetpotato_seed":2,"minecraft:diamond_boots":1,"minecraft:stone_pickaxe":157,"minecraft:oak_planks":217,"spell_engine:spell_binding":1,"minecraft:sugar_cane":11,"minecraft:crossbow":18,"simplyswords:iron_greathammer":4,"regions_unexplored:pine_boat":9,"minecraft:bread":70,"amethyst_imbuement:xp_bush_seed":1,"minecraft:golden_pickaxe":32,"minecraft:experience_bottle":14,"croptopia:corn":1,"extensivediamonds:dark_diamond_sword":268,"minecraft:flint_and_steel":32,"croptopia:bellpepper_seed":2,"perfectplushies:capybara_plushie":1,"minecraft:oak_door":4,"regions_unexplored:maple_planks":67,"minecraft:dirt":429,"perfectplushies:cat_plushie":2,"minecraft:iron_hoe":68,"clutter:sheep_plushie":1,"soulsweapons:kirkhammer":4,"minecraft:bookshelf":2,"mythicmetals:adamantite_shovel":367,"minecraft:golden_carrot":5,"perfectplushies:turtle_plushie":1,"minecraft:cooked_beef":3,"minecraft:cooked_mutton":2,"soulsweapons:moonstone_pickaxe":55,"croptopia:corn_seed":3,"minecraft:cobblestone_slab":6,"minecraft:smoker":1,"minecraft:apple":16,"mythicmetals:mythril_pickaxe":468,"minecraft:stone_axe":135,"perfectplushies:gamerpotion_plushie":3,"minecraft:bucket":281,"pickablevillagers:villager":9},"minecraft:broken":{"crystals_overhauled:malachite_armor_armor_helmet":1,"magistuarmory:rustedkettlehat":1,"crystals_overhauled:malachite_armor_armor_boots":1,"crystals_overhauled:malachite_armor_armor_leggings":1,"minecraft:wooden_pickaxe":1,"minecraft:iron_pickaxe":5,"minecraft:iron_shovel":1,"minecraft:golden_shovel":1,"minecraft:stone_pickaxe":1,"minecraft:stone_axe":1,"crystals_overhauled:malachite_armor_armor_chestplate":1,"minecraft:leather_boots":1,"minecraft:golden_pickaxe":1},"minecraft:mined":{"minecraft:white_bed":3,"extensivediamonds:deepslate_dark_diamond_ore":31,"regions_unexplored:bleeding_heart":1,"minecraft:granite":82,"mythicmetals:deepslate_adamantite_ore":13,"clutter:deepslate_silver_ore":1,"crystals_overhauled:celestite_ore":12,"minecraft:oxeye_daisy":2,"minecraft:magma_block":2,"extensivediamonds:deepslate_green_diamond_ore":26,"minecraft:cobbled_deepslate":12,"minecraft:fire":4,"minecraft:deepslate_lapis_ore":20,"minecraft:cave_vines":1,"minecraft:red_bed":2,"soulsweapons:verglas_ore_deepslate":1,"minecraft:smoker":1,"minecraft:torch":18,"perfectplushies:cat_plushie":1,"expores:deepslate_experience_ore":38,"things:deepslate_gleaming_ore":6,"perfectplushies:gamerpotion_plushie":2,"croptopia:oat_crop":3,"minecraft:blast_furnace":5,"mythicmetals:deepslate_carmot_ore":4,"expores:experience_ore":30,"minecraft:sugar_cane":12,"extensivediamonds:deepslate_red_diamond_ore":62,"regions_unexplored:pine_log":3,"minecraft:wheat":25,"mythicupgrades:peridot_crystal_block":7,"minecraft:grass":486,"minecraft:smooth_basalt":55,"minecraft:deepslate":713,"minecraft:mossy_cobblestone":3,"clutter:sheep_plushie":1,"mythicmetals:silver_ore":15,"farmersdelight:wild_cabbages":2,"minecraft:cartography_table":1,"mythicmetals:quadrillum_ore":38,"croptopia:corn_crop":5,"minecraft:andesite":113,"mythicmetals:deepslate_mythril_ore":22,"crystals_overhauled:citrine_ore":17,"minecraft:cobblestone_slab":1,"regions_unexplored:red_maple_leaves":3,"minecraft:bone_block":3,"minecraft:smithing_table":4,"minecraft:glass_pane":1,"crystals_overhauled:heliodor_ore":9,"minecraft:dandelion":7,"croptopia:sweetpotato_crop":2,"minecraft:cornflower":1,"crystals_overhauled:rhodochrosite_ore":19,"minecraft:emerald_ore":2,"minecraft:tall_grass":66,"minecraft:copper_ore":73,"minecraft:deepslate_gold_ore":3,"minecraft:diorite":92,"jewelry:deepslate_gem_vein":8,"mythicupgrades:aquamarine_crystal_block":37,"geode_plus:large_redstone_bud":2,"minecraft:gravel":32,"minecraft:dripstone_block":12,"minecraft:stone_bricks":3,"minecraft:gold_ore":8,"croptopia:bellpepper_crop":2,"regions_unexplored:maple_planks":4,"regions_unexplored:maple_log":30,"mythicupgrades:topaz_crystal_block":6,"crystals_overhauled:peridotite_ore":6,"minecraft:brewing_stand":1,"minecraft:cave_vines_plant":1,"minecraft:grass_block":298,"mythicmetals:deepslate_orichalcum_ore":10,"minecraft:iron_ore":46,"crystals_overhauled:malachite_ore":21,"minecraft:anvil":2,"minecraft:azure_bluet":2,"minecraft:skeleton_wall_skull":8,"minecraft:pointed_dripstone":6,"minecraft:deepslate_redstone_ore":28,"things:gleaming_ore":1,"crystals_overhauled:saphire_ore":34,"minecraft:calcite":62,"perfectplushies:rocris_plushie":2,"minecraft:poppy":4,"minecraft:chest":10,"minecraft:cobblestone":176,"minecraft:oak_planks":26,"minecraft:wall_torch":7,"minecraft:cauldron":2,"farmersdelight:sandy_shrub":4,"lootr:trophy":3,"mythicmetals:aquarium_ore":4,"geode_plus:small_redstone_bud":1,"mythicmetals:manganese_ore":19,"croptopia:chile_pepper_crop":1,"minecraft:oak_log":172,"minecraft:sand":273,"minecraft:dirt":419,"mythicmetals:morkite_ore":40,"darkblades:dark_ore":240,"minecraft:oak_leaves":34,"soulsweapons:verglas_ore":2,"croptopia:cucumber_crop":3,"minecraft:diamond_ore":1,"minecraft:tuff":26,"minecraft:deepslate_diamond_ore":20,"croptopia:kale_crop":2,"mythicmetals:calcite_kyber_ore":8,"minecraft:ladder":1,"mythicmetals:deepslate_unobtainium_ore":1,"minecraft:spruce_leaves":1,"regions_unexplored:pine_planks":3,"minecraft:hay_block":3,"croptopia:barley_crop":1,"mythicupgrades:peridot_crystal_cluster":3,"croptopia:soybean_crop":3,"mythicmetals:tin_ore":2,"soulsweapons:moonstone_ore_deepslate":23,"minecraft:bookshelf":15,"minecraft:deepslate_iron_ore":3,"regions_unexplored:medium_grass":2,"minecraft:stone":1636,"mythicmetals:platinum_ore":12,"perfectbirbs:flamingo_plushie":2,"geode_plus:redstone_crystal":3,"travelersbackpack:standard":1,"minecraft:crafting_table":3,"minecraft:lectern":2,"minecraft:deepslate_coal_ore":1,"minecraft:lapis_ore":10,"mythicmetals:deepslate_runite_ore":4,"spell_engine:spell_binding":1,"minecraft:gray_bed":1,"minecraft:coal_ore":308,"minecraft:cracked_stone_bricks":1,"mythicmetals:banglum_ore":22},"minecraft:killed":{"minecraft:skeleton":27,"minecraft:chicken":2,"minecraft:iron_golem":1,"minecraft:pillager":5,"minecraft:zombie":48,"minecraft:cow":5,"graveyard:nightmare":1,"clutter:mossbloom":1,"minecraft:enderman":1,"graveyard:skeleton_creeper":5,"minecraft:spider":12,"artifacts:mimic":3,"minecraft:pig":6,"minecraft:zombie_villager":1,"minecraft:creeper":16,"minecraft:sheep":3,"minecraft:squid":4},"minecraft:picked_up":{"minecraft:chainmail_boots":1,"minecraft:flower_pot":1,"minecraft:creeper_head":12,"minecraft:anvil":2,"minecraft:smithing_table":4,"minecraft:diamond_sword":1,"minecraft:enchanted_book":1,"minecraft:brewing_stand":1,"amethyst_imbuement:empty_spell_scroll":1,"minecraft:string":28,"mythicmetals:raw_aquarium":10,"simplyswords:diamond_scythe":1,"minecraft:cobbled_deepslate":505,"minecraft:gold_nugget":2,"regions_unexplored:pine_log":3,"crystals_overhauled:rhodochrosite":50,"croptopia:mustard_seed":2,"minecraft:diamond_ore":1,"croptopia:barley_seed":4,"croptopia:cucumber":5,"crystals_overhauled:citrine_armor_boots":2,"minecraft:cauldron":2,"minecraft:stone_sword":2,"mythicmetals:raw_manganese":22,"crystals_overhauled:heliodor":38,"perfectplushies:cat_plushie":1,"minecraft:red_tulip":1,"minecraft:magma_block":2,"minecraft:feather":9,"minecraft:cooked_beef":1,"magistuarmory:rustedchainmail_boots":1,"minecraft:smoker":1,"minecraft:flint":6,"mythicmetals:raw_platinum":17,"lootr:trophy":4,"perfectplushies:gamerpotion_plushie":2,"extensivediamonds:red_diamond":66,"croptopia:bellpepper":3,"jewelry:sapphire":3,"regions_unexplored:pine_boat":9,"mythicmetals:raw_silver":25,"croptopia:oat":9,"minecraft:trapped_chest":1,"croptopia:chile_pepper":2,"minecraft:bundle":1,"minecraft:granite":47,"minecraft:bread":7,"rogues:iron_dagger":1,"minecraft:diamond_pickaxe":1,"minecraft:crafting_table":3,"jewelry:citrine":1,"plentyofarmors:emerald_leggings":2,"minecraft:cornflower":3,"minecraft:red_bed":2,"artifacts:power_glove":1,"croptopia:soybean":4,"mythicmetals:raw_adamantite":14,"clutter:raw_silver":3,"minecraft:cracked_stone_bricks":1,"minecraft:cartography_table":1,"minecraft:beef":14,"croptopia:pepper_seed":1,"regions_unexplored:white_snowbelle":2,"minecraft:poppy":10,"mythicmetals:raw_mythril":23,"minecraft:chest":10,"croptopia:corn_seed":12,"mythicmetals:raw_tin":3,"minecraft:carrot":45,"minecraft:redstone":98,"minecraft:shears":1,"minecraft:hay_block":3,"spell_engine:spell_binding":1,"minecraft:gold_ingot":1,"minecraft:totem_of_undying":1,"croptopia:pepper":1,"minecraft:mutton":14,"minecraft:bone_block":5,"minecraft:white_wool":4,"minecraft:oxeye_daisy":1,"more_jewels:opal":4,"minecraft:oak_log":192,"regions_unexplored:red_maple_sapling":1,"minecraft:apple":10,"croptopia:barley":1,"minecraft:stone_bricks":4,"minecraft:stone_pickaxe":1,"minecraft:glass_bottle":6,"minecraft:gray_bed":1,"minecraft:smooth_basalt":51,"extensivediamonds:dark_diamond":25,"minecraft:gravel":34,"magistuarmory:rustedchainmail_leggings":3,"simplyswords:gold_glaive":1,"travelersbackpack:standard":1,"minecraft:firework_rocket":38,"mythicupgrades:peridot_crystal_shard":12,"more_jewels:aquamarine":1,"minecraft:gray_wool":3,"minecraft:ender_pearl":3,"minecraft:wheat":27,"croptopia:kale":2,"soulsweapons:moonstone":24,"regions_unexplored:maple_planks":68,"mythicmetals:raw_kyber":12,"plentyofarmors:emerald_chestplate":4,"minecraft:raw_copper":254,"minecraft:zombie_head":42,"minecraft:experience_bottle":14,"minecraft:bucket":6,"farmersdelight:cabbage":1,"minecraft:cobblestone_slab":1,"minecraft:calcite":55,"farmersdelight:cabbage_seeds":5,"minecraft:iron_boots":1,"minecraft:stick":59,"mythicmetals:raw_carmot":4,"minecraft:torch":31,"minecraft:porkchop":15,"minecraft:pointed_dripstone":9,"minecraft:diorite":42,"mythicmetals:morkite":88,"minecraft:rotten_flesh":88,"minecraft:cobblestone":1677,"minecraft:andesite":97,"minecraft:potato":109,"minecraft:tuff":11,"amethyst_imbuement:book_of_lore":1,"minecraft:lapis_lazuli":96,"minecraft:dirt":746,"minecraft:leather_boots":1,"minecraft:bone":56,"croptopia:corn":8,"croptopia:sweetpotato":3,"minecraft:bow":11,"minecraft:wheat_seeds":200,"minecraft:raw_gold":12,"crystals_overhauled:citrine":26,"minecraft:fletching_table":1,"croptopia:kale_seed":3,"minecraft:oak_planks":25,"croptopia:chile_pepper_seed":5,"croptopia:mustard":1,"regions_unexplored:pine_planks":14,"minecraft:sand":335,"mythicmetals:raw_quadrillum":66,"minecraft:mossy_cobblestone":2,"artifacts:plastic_drinking_hat":1,"clutter:sheep_plushie":1,"clutter:copper_coin":21,"minecraft:diamond":39,"minecraft:crossbow":1,"crystals_overhauled:saphire_tool_pickaxe":2,"soulsweapons:verglas":3,"minecraft:emerald":45,"minecraft:oak_sapling":14,"minecraft:fishing_rod":1,"minecraft:azure_bluet":2,"things:gleaming_powder":7,"minecraft:chicken":4,"minecraft:ladder":7,"croptopia:sweetpotato_seed":6,"minecraft:wooden_pickaxe":1,"mythicmetals:adamantite_pickaxe":1,"minecraft:moss_carpet":1,"immersive_aircraft:biplane":1,"mythicmetals:adamantite_shovel":2,"croptopia:bellpepper_seed":13,"crystals_overhauled:peridotite":11,"graveyard:corruption":2,"crystals_overhauled:malachite":36,"minecraft:candle":1,"more_jewels:peridot":3,"minecraft:player_head":12,"minecraft:lectern":2,"minecraft:sugar_cane":22,"regions_unexplored:bleeding_heart":2,"mythicmetals:raw_orichalcum":10,"minecraft:raw_iron":46,"regions_unexplored:silver_birch_leaf_pile":5,"croptopia:soybean_seed":5,"minecraft:copper_ingot":3,"magistuarmory:rustedkettlehat":1,"crystals_overhauled:saphire":72,"mythicmetals:raw_runite":10,"minecraft:arrow":143,"minecraft:saddle":3,"minecraft:skeleton_skull":26,"mythicmetals:raw_banglum":36,"minecraft:salmon":2,"mythicupgrades:aquamarine_crystal_block":32,"minecraft:leather":11,"perfectplushies:rocris_plushie":2,"perfectbirbs:flamingo_plushie":2,"minecraft:gunpowder":16,"artifacts:cloud_in_a_bottle":1,"extensivediamonds:green_diamond":25,"minecraft:cooked_mutton":6,"jewelry:tanzanite":3,"minecraft:iron_ingot":27,"darkblades:dark_dust":470,"regions_unexplored:orange_maple_leaf_pile":2,"minecraft:book":45,"jewelry:topaz":1,"darkblades:dark_soul_ammo":10,"minecraft:pumpkin":1,"minecraft:dandelion":11,"croptopia:cucumber_seed":9,"minecraft:dripstone_block":1,"mythicmetals:unobtainium":1,"minecraft:blast_furnace":3,"minecraft:white_bed":3,"minecraft:spider_eye":56,"things:monocle":1,"magistuarmory:rustedchainmail_helmet":3,"croptopia:oat_seed":13,"magistuarmory:rusted_bastardsword":1,"regions_unexplored:maple_log":29,"mythicmetals:mythril_pickaxe":2,"minecraft:black_wool":1,"minecraft:coal":357,"crystals_overhauled:celestite":25}},"DataVersion":3465}